origin,carrier_delay,weather_delay,nas_delay,security_delay,late_aircraft_delay,dep_delay,arr_delay
ABE,4.718349928876244,0.0,11.2275960170697,0.0,18.810099573257467,27.72475106685633,34.75604551920341
ABI,6.963562753036437,0.0,8.143724696356275,0.0,17.07085020242915,27.06477732793522,32.178137651821864
ABQ,6.091155810983397,0.0,8.137771392081737,0.0,19.42161558109834,31.173850574712645,33.65054278416348
ABR,4.04,0.0,9.46,0.0,19.21,27.29,32.71
ABY,2.2736842105263158,0.0,10.01578947368421,0.0,25.46842105263158,32.17368421052632,37.757894736842104
ACK,4.9213197969543145,0.0,15.365482233502538,0.0,19.78680203045685,31.890862944162436,40.0736040609137
ACT,3.568877551020408,0.0,8.535714285714286,0.0,19.57908163265306,26.193877551020407,31.683673469387756
ACV,2.002421307506053,0.0,12.634382566585957,0.0,21.949152542372882,31.0,36.58595641646489
ACY,3.54820415879017,0.0,18.37429111531191,0.0,9.281663516068052,20.746691871455578,31.204158790170133
ADK,14.5,0.0,4.5,0.0,7.375,25.0,26.375
ADQ,5.40650406504065,0.0,3.902439024390244,0.0,20.8130081300813,28.178861788617887,30.121951219512194
AEX,2.214012738853503,0.0,13.977070063694267,0.0,16.74904458598726,20.797452229299363,32.94012738853503
AGS,4.6394389438943895,0.0,8.083333333333334,0.0,21.306105610561055,32.448019801980195,34.02887788778878
AKN,6.833333333333333,0.0,11.666666666666666,0.0,7.666666666666667,18.5,26.166666666666668
ALB,6.0,0.0,12.193952802359883,0.0,16.47959685349066,27.81637168141593,34.67354965585054
ALO,4.72289156626506,0.0,12.313253012048193,0.0,18.096385542168676,25.63855421686747,35.13253012048193
ALW,0.4681818181818182,0.0,15.127272727272727,0.0,16.34090909090909,27.62727272727273,31.936363636363637
AMA,3.6624257845631893,0.0,10.173876166242579,0.0,22.133163698049195,30.63952502120441,35.969465648854964
ANC,7.248674130819093,0.0,11.705951679434296,0.0,11.039481437831467,20.451679434295816,30.01620506776665
APN,2.4177215189873418,0.0,8.329113924050633,0.0,25.873417721518987,31.531645569620252,36.620253164556964
ART,8.455357142857142,0.0,11.571428571428571,0.0,14.125,28.214285714285715,34.151785714285715
ASE,4.472172351885098,0.0,11.16098144823459,0.0,23.289646918013165,31.711549970077797,38.922800718132855
ATL,10.49649439222197,0.0,8.747273747954564,0.0,12.925599894891487,29.98925026575732,32.169368035068025
ATW,4.644953471725125,0.0,12.126700071581961,0.0,17.10307802433787,25.44738725841088,33.87473156764495
ATY,1.391304347826087,0.0,12.826086956521738,0.0,22.043478260869566,28.847826086956523,36.26086956521739
AUS,6.800303145130731,0.0,10.119994947581155,0.0,16.507578628268284,29.993621321207527,33.427876720980166
AVL,3.479185119574845,0.0,11.030115146147033,0.0,21.07351638618246,29.99955713020372,35.58281665190434
AVP,4.952079566003617,0.0,11.708860759493671,0.0,18.96383363471971,29.309222423146473,35.624773960217
AZA,9.832605531295487,0.0,8.21688500727802,0.0,13.975982532751091,29.531295487627364,32.0254730713246
AZO,2.809264305177112,0.0,11.889645776566757,0.0,19.21525885558583,25.122615803814714,33.9141689373297
BDL,6.426832978399757,0.0,11.417401886218435,0.0,16.89914815941588,28.770611499847885,34.743383024034074
BET,5.28125,0.0,7.739583333333333,0.0,21.15625,29.552083333333332,34.177083333333336
BFF,1.469387755102041,0.0,16.663265306122447,0.0,14.428571428571429,14.928571428571429,32.56122448979592
BFL,5.100543478260869,0.0,9.682065217391305,0.0,21.23913043478261,32.09239130434783,36.02173913043478
BFM,0.8928571428571429,0.0,24.178571428571427,0.0,10.035714285714286,10.428571428571429,35.107142857142854
BGM,2.672727272727273,0.0,7.406060606060606,0.0,25.254545454545454,33.03030303030303,35.333333333333336
BGR,3.566225165562914,0.0,15.856291390728478,0.0,18.210596026490066,30.31523178807947,37.63311258278146
BHM,5.049844236760125,0.0,9.87871235721703,0.0,20.450051921079957,31.080789200415367,35.37860851505711
BIL,2.921860465116279,0.0,12.090232558139535,0.0,19.544186046511626,26.96558139534884,34.55627906976744
BIS,5.236269430051814,0.0,11.394818652849741,0.0,20.60621761658031,30.10259067357513,37.237305699481865
BJI,3.3118279569892475,0.0,10.32258064516129,0.0,22.268817204301076,29.150537634408604,35.903225806451616
BKG,2.0,0.0,18.93877551020408,0.0,22.571428571428573,35.61224489795919,43.51020408163265
BLI,2.8081048867699643,0.0,15.181168057210966,0.0,12.709177592371871,23.55661501787843,30.6984505363528
BLV,5.723529411764706,0.0,6.791176470588235,0.0,22.923529411764704,32.044117647058826,35.438235294117646
BMI,4.491228070175438,0.0,11.833333333333334,0.0,19.814327485380115,27.61111111111111,36.138888888888886
BNA,6.906436175407754,0.0,9.1415665592343,0.0,17.961422013868543,31.75988866100205,34.0094247485106
BOI,4.628981886321049,0.0,12.564855298771601,0.0,14.826983135540287,24.87049760566313,32.02602540079117
BOS,8.493574656373564,0.0,12.059663905102617,0.0,15.604547166258708,31.298295989455845,36.15778572773489
BPT,2.7513513513513512,0.0,11.394594594594595,0.0,18.594594594594593,23.994594594594595,32.74054054054054
BQK,2.1243243243243244,0.0,12.016216216216216,0.0,21.805405405405406,26.691891891891892,35.945945945945944
BQN,4.195290858725762,0.0,5.578947368421052,0.0,28.70775623268698,41.473684210526315,38.48199445983379
BRD,1.4067796610169492,0.0,13.432203389830509,0.0,14.957627118644067,19.050847457627118,29.796610169491526
BRO,2.930521091811414,0.0,10.037220843672456,0.0,21.774193548387096,27.950372208436725,34.74193548387097
BRW,3.0869565217391304,0.0,6.811594202898551,0.0,20.420289855072465,24.55072463768116,30.318840579710145
BTM,2.4838709677419355,0.0,12.080645161290322,0.0,19.806451612903224,24.822580645161292,34.37096774193548
BTR,5.124481327800829,0.0,11.70776526378186,0.0,16.63248369887374,24.39359810314167,33.46473029045643
BTV,4.686042464323007,0.0,14.550643926209537,0.0,16.166724678036896,27.896623738252696,35.40341106856944
BUF,4.5103634725142685,0.0,12.697957344547913,0.0,18.987533793932112,31.21357765094623,36.195854610994296
BUR,5.347152978220939,0.0,7.176594069797953,0.0,21.302414064549986,32.88598792967725,33.82616111256888
BWI,9.859159601916698,0.0,8.333136748986362,0.0,14.978768890527093,31.385772207887946,33.17106524143015
BZN,3.7316945606694563,0.0,13.825836820083682,0.0,16.25784518828452,24.805962343096233,33.81537656903766
CAE,6.08390332877337,0.0,10.225262197902417,0.0,18.03784769721842,29.734154126766985,34.34701322389421
CAK,6.288617886178862,0.0,12.858231707317072,0.0,15.252540650406504,26.753556910569106,34.39939024390244
CDC,0.2158273381294964,0.0,12.043165467625899,0.0,19.345323741007196,20.100719424460433,31.60431654676259
CDV,1.8486842105263157,0.0,8.980263157894736,0.0,22.07236842105263,25.92105263157895,32.901315789473685
CGI,3.76158940397351,0.0,11.245033112582782,0.0,19.741721854304636,26.158940397350992,34.74834437086093
CHA,4.201636188642926,0.0,10.356111645813282,0.0,21.015399422521657,31.14196342637151,35.57314725697786
CHO,4.241521068859198,0.0,10.977903391572456,0.0,20.578622816032887,30.11459403905447,35.798047276464544
CHS,5.015611140677666,0.0,11.100230619123648,0.0,19.34983147064041,32.02873869079298,35.46567323044172
CID,4.562679819153309,0.0,11.080969995889848,0.0,19.60090423345664,29.209617755856968,35.24455404849979
CIU,2.357142857142857,0.0,11.25,0.0,18.957142857142856,23.62857142857143,32.56428571428572
CKB,6.1395348837209305,0.0,11.546511627906977,0.0,16.66860465116279,26.656976744186046,34.354651162790695
CLE,5.33358843537415,0.0,13.019897959183673,0.0,16.079591836734693,28.910204081632653,34.43307823129252
CLL,1.9486486486486487,0.0,8.178378378378378,0.0,25.975675675675674,31.732432432432432,36.1027027027027
CLT,9.066186396123733,0.0,9.144152208818221,0.0,15.800673515495118,29.746593347258337,34.01101212043707
CMH,5.384927486187845,0.0,13.19587361878453,0.0,15.815089779005525,28.04368093922652,34.3958908839779
CMI,4.50693374422188,0.0,11.765793528505393,0.0,18.39753466872111,25.4884437596302,34.67026194144838
CMX,1.6923076923076923,0.0,10.972527472527473,0.0,25.46153846153846,30.03846153846154,38.12637362637363
CNY,0.6991869918699187,0.0,10.682926829268293,0.0,27.682926829268293,32.15447154471545,39.0650406504065
COD,3.060344827586207,0.0,11.448275862068966,0.0,19.82758620689655,24.50862068965517,34.33620689655172
COS,6.660582524271844,0.0,11.760776699029126,0.0,15.809708737864078,27.194174757281555,34.231067961165046
COU,4.135854341736695,0.0,13.180672268907562,0.0,18.016806722689076,24.84873949579832,35.333333333333336
CPR,3.2064676616915424,0.0,14.711442786069652,0.0,17.79353233830846,23.94776119402985,35.711442786069654
CRP,3.21,0.0,9.610833333333334,0.0,21.289166666666667,29.144166666666667,34.11
CRW,4.8192048012003,0.0,11.596399099774944,0.0,19.879969992498125,29.902475618904727,36.29557389347337
CSG,3.314814814814815,0.0,10.433333333333334,0.0,22.492592592592594,28.455555555555556,36.24074074074074
CVG,5.64807426105366,0.0,12.953912547838124,0.0,15.580490188095432,27.981109030209268,34.18247699698722
CWA,4.7595307917888565,0.0,11.039589442815249,0.0,21.26392961876833,29.99266862170088,37.06304985337243
CYS,6.864864864864865,0.0,13.35135135135135,0.0,23.10810810810811,33.58108108108108,43.32432432432432
DAB,5.7073170731707314,0.0,7.682926829268292,0.0,20.533333333333335,32.042276422764225,33.923577235772356
DAL,9.854609328705664,0.0,6.380216710403793,0.0,17.066579192415137,33.13904173368323,33.30140523152459
DAY,5.860055373772967,0.0,12.534356909136672,0.0,16.35338535112006,27.020387616410773,34.7477976340297
DBQ,2.7551020408163267,0.0,10.82857142857143,0.0,24.473469387755102,30.751020408163264,38.05714285714286
DCA,6.489173797012133,0.0,11.048944892288223,0.0,18.5038655184747,30.300107299089333,36.04198420777506
DEN,8.392319642080407,0.0,10.23959485490586,0.0,16.326502205928044,30.481352140682283,34.95841670291431
DFW,10.41461762747664,0.0,8.723064031039787,0.0,15.047569850999839,29.888973069770646,34.18525150951626
DHN,1.704968944099379,0.0,11.192546583850932,0.0,23.91304347826087,30.490683229813666,36.81055900621118
DIK,3.4907975460122698,0.0,13.779141104294478,0.0,16.171779141104295,21.226993865030675,33.441717791411044
DLG,9.466666666666667,0.0,4.133333333333334,0.0,18.8,29.933333333333334,32.4
DLH,2.7365771812080535,0.0,10.991610738255034,0.0,23.124161073825505,31.27181208053691,36.852348993288594
DRO,4.895277207392197,0.0,10.986652977412732,0.0,19.583162217659137,28.639630390143736,35.465092402464066
DRT,4.4363636363636365,0.0,8.327272727272728,0.0,21.072727272727274,32.69090909090909,33.836363636363636
DSM,4.355997931747673,0.0,12.47052740434333,0.0,17.279989658738366,26.688986556359875,34.10651499482937
DTW,7.560520946871245,0.0,12.171906877951987,0.0,12.996841899332047,27.102680193398733,32.72926972415528
DUT,9.80568720379147,0.0,1.3696682464454977,0.0,23.511848341232227,46.312796208530806,34.687203791469194
DVL,2.9761904761904763,0.0,15.166666666666666,0.0,16.761904761904763,19.30952380952381,34.904761904761905
EAR,2.7962962962962963,0.0,14.74074074074074,0.0,16.314814814814813,19.296296296296298,33.851851851851855
EAT,2.2081218274111674,0.0,15.535532994923859,0.0,16.01015228426396,28.390862944162436,33.753807106598984
EAU,2.683098591549296,0.0,13.704225352112676,0.0,20.246478873239436,25.97887323943662,36.63380281690141
ECP,4.881188118811881,0.0,8.18091809180918,0.0,21.2016201620162,31.742574257425744,34.263726372637265
EGE,4.508982035928144,0.0,12.703592814371257,0.0,19.26497005988024,29.856287425149702,36.47754491017964
EKO,1.619047619047619,0.0,10.166666666666666,0.0,19.214285714285715,21.976190476190474,31.0
ELM,5.0,0.0,12.704741379310345,0.0,16.575431034482758,26.86853448275862,34.2801724137931
ELP,6.282338902147972,0.0,7.799761336515513,0.0,20.08019093078759,32.082338902147974,34.16229116945107
ERI,3.3583815028901736,0.0,11.310211946050096,0.0,22.545279383429673,32.38728323699422,37.213872832369944
ESC,1.2916666666666667,0.0,7.944444444444445,0.0,30.07638888888889,35.604166666666664,39.3125
EUG,3.6826258637709772,0.0,12.848469891411648,0.0,16.499012833168806,27.41559723593287,33.03010858835143
EVV,4.205574912891986,0.0,12.162891986062718,0.0,18.540940766550523,26.5801393728223,34.90940766550523
EWN,4.166666666666667,0.0,6.034632034632034,0.0,25.214285714285715,37.38095238095238,35.41558441558441
EWR,7.551767606547652,0.0,10.931131008657287,0.0,19.830395046623288,33.22358786126096,38.313293661828226
EYW,4.5722326454033775,0.0,10.180112570356473,0.0,19.405253283302063,31.573170731707318,34.15759849906191
FAI,5.420062695924765,0.0,9.81974921630094,0.0,17.079937304075234,25.818181818181817,32.31974921630094
FAR,5.015197568389058,0.0,12.581155015197568,0.0,17.712462006079026,26.64559270516717,35.30881458966565
FAT,5.113798572561459,0.0,11.208961141950832,0.0,18.29857256145916,29.640761300555116,34.621332275971454
FAY,4.028543307086614,0.0,7.942913385826771,0.0,21.46062992125984,31.584645669291337,33.43208661417323
FCA,3.5938189845474615,0.0,13.199779249448124,0.0,16.59492273730684,23.541942604856512,33.38852097130243
FLG,5.301652892561983,0.0,12.078512396694215,0.0,19.694214876033058,31.549586776859503,37.074380165289256
FLL,8.728436784198866,0.0,11.006421088205474,0.0,14.577484886035071,31.061544816191656,34.312342758439414
FLO,4.354037267080745,0.0,8.093167701863354,0.0,20.226708074534162,32.13664596273292,32.67391304347826
FNT,3.859232175502742,0.0,12.610603290676417,0.0,18.96526508226691,26.393967093235833,35.43510054844607
FSD,4.352344127597873,0.0,13.011599806669889,0.0,18.38279362010633,26.721604639922667,35.76848719188013
FSM,3.7157464212678937,0.0,9.844580777096114,0.0,20.05725971370143,27.25153374233129,33.61758691206544
FWA,6.084946908182386,0.0,11.44846970643348,0.0,16.493441599000626,27.212367270455964,34.02685821361649
GCC,2.1666666666666665,0.0,12.6875,0.0,20.493055555555557,24.02777777777778,35.34722222222222
GCK,5.024590163934426,0.0,10.565573770491802,0.0,18.065573770491802,25.237704918032787,33.65573770491803
GEG,3.839319470699433,0.0,13.11279143037177,0.0,14.965763495064062,24.61037597143457,31.917874396135264
GFK,4.10738255033557,0.0,9.778523489932885,0.0,21.78187919463087,30.57718120805369,35.66778523489933
GGG,4.265895953757226,0.0,10.497109826589595,0.0,20.173410404624278,26.739884393063583,34.9364161849711
GJT,3.11978465679677,0.0,11.32436069986541,0.0,18.834454912516822,25.53028263795424,33.278600269179
GNV,4.7650273224043715,0.0,8.209471766848816,0.0,21.942622950819672,30.759562841530055,34.91712204007286
GPT,4.125565610859729,0.0,11.097285067873303,0.0,19.373303167420815,27.32239819004525,34.59615384615385
GRB,3.0215827338129495,0.0,11.749800159872102,0.0,20.64588329336531,27.216626698641086,35.41726618705036
GRI,6.453125,0.0,11.08984375,0.0,16.0625,25.04296875,33.60546875
GRK,3.861271676300578,0.0,10.419075144508671,0.0,19.858381502890172,27.241329479768787,34.138728323699425
GRR,4.627680311890838,0.0,12.121442495126706,0.0,18.307797270955167,27.997465886939572,35.05692007797271
GSO,4.161497052037939,0.0,13.64214304024609,0.0,18.621122789028455,31.30069213022302,36.42476288131248
GSP,4.550324675324675,0.0,11.281655844155845,0.0,19.37121212121212,30.897186147186147,35.20319264069264
GST,1.0,0.0,8.8,0.0,23.2,25.7,33.0
GTF,3.5675675675675675,0.0,14.286168521462638,0.0,14.686804451510334,21.589825119236885,32.54054054054054
GTR,2.218274111675127,0.0,11.101522842639595,0.0,21.746192893401016,27.85786802030457,35.065989847715734
GUC,3.0429184549356223,0.0,9.991416309012875,0.0,25.836909871244636,33.66523605150215,38.871244635193136
GUM,16.143617021276597,0.0,7.0638297872340425,0.0,2.398936170212766,19.96276595744681,25.606382978723403
HDN,3.9817444219066935,0.0,13.906693711967545,0.0,18.95740365111562,25.866125760649087,36.84584178498986
HGR,5.081632653061225,0.0,9.020408163265307,0.0,23.693877551020407,34.57142857142857,37.795918367346935
HHH,4.082666666666666,0.0,12.642666666666667,0.0,16.056,21.957333333333334,32.781333333333336
HIB,0.9285714285714286,0.0,11.17142857142857,0.0,24.214285714285715,28.428571428571427,36.31428571428572
HLN,3.331223628691983,0.0,14.215189873417721,0.0,14.067510548523206,19.746835443037973,31.61392405063291
HNL,13.23176698145409,0.0,4.737057685743543,0.0,10.123449766753897,21.27852998065764,28.09227443395153
HOB,3.8828125,0.0,16.5078125,0.0,12.6015625,20.671875,32.9921875
HOU,11.251250913588576,0.0,5.325462416371507,0.0,15.988418507899027,33.95828414010232,32.56513183785911
HPN,8.54598883338231,0.0,11.12606523655598,0.0,17.363502791654422,30.31854246253306,37.03555686159271
HRL,3.6225641025641027,0.0,10.223589743589743,0.0,19.78153846153846,28.392820512820514,33.62769230769231
HSV,4.741750989881214,0.0,10.817421909370875,0.0,19.460624725032996,29.30664320281566,35.01979762428508
HTS,7.602631578947369,0.0,5.997368421052632,0.0,20.907894736842106,33.46052631578947,34.507894736842104
HVN,5.726315789473684,0.0,12.089473684210526,0.0,21.068421052631578,34.15263157894737,38.88421052631579
HYA,7.035714285714286,0.0,8.607142857142858,0.0,21.857142857142858,38.32142857142857,37.5
HYS,1.1013215859030836,0.0,8.674008810572687,0.0,31.14977973568282,35.797356828193834,40.92511013215859
IAD,7.1029390045783485,0.0,12.52203022694826,0.0,13.5254762959681,24.667503569142912,33.15044552749471
IAG,7.6909090909090905,0.0,12.090909090909092,0.0,15.786363636363637,30.29090909090909,35.56818181818182
IAH,7.767686818920953,0.0,11.304783632259786,0.0,14.344222508069802,27.46202946387399,33.41669295925054
ICT,3.761509746992949,0.0,10.306926586478639,0.0,21.12567399419328,30.217751970136874,35.194110327664866
IDA,4.033955857385399,0.0,10.867572156196944,0.0,19.32427843803056,26.72156196943973,34.225806451612904
IFP,1.1538461538461537,0.0,18.76923076923077,0.0,7.0,4.923076923076923,26.923076923076923
ILM,4.234736218138708,0.0,9.944279786603438,0.0,21.698873740367517,32.95909899229401,35.87788974510966
IMT,3.203883495145631,0.0,7.019417475728155,0.0,27.067961165048544,34.728155339805824,37.29126213592233
IND,5.497941349466432,0.0,12.543987900176456,0.0,16.53701369632804,28.23149315183598,34.57894294597093
INL,0.47619047619047616,0.0,8.438095238095238,0.0,30.428571428571427,35.10476190476191,39.34285714285714
IPT,3.5125,0.0,12.01875,0.0,20.65625,28.58125,36.1875
ISN,3.581081081081081,0.0,14.645945945945947,0.0,15.159459459459459,19.66216216216216,33.38648648648649
ISP,7.523533204384268,0.0,11.32495164410058,0.0,16.11605415860735,30.456479690522244,34.9645390070922
ITH,4.581929555895865,0.0,12.269525267993874,0.0,18.35375191424196,31.052067381317,35.2052067381317
ITO,6.007299270072993,0.0,1.564963503649635,0.0,22.58248175182482,26.043795620437955,30.154744525547446
JAC,4.86180904522613,0.0,13.974036850921273,0.0,15.080402010050252,26.172529313232832,33.916247906197654
JAN,5.345363686840644,0.0,10.14047751249306,0.0,17.866740699611327,27.02332037756802,33.35258189894503
JAX,5.475143276022924,0.0,10.775423164067707,0.0,18.94815407170465,31.391043582566972,35.19872051179528
JFK,8.569496758258722,0.0,14.196881753627663,0.0,12.10429144797777,26.498301945044766,34.87066995986415
JHM,6.3908629441624365,0.0,4.33502538071066,0.0,19.406091370558375,24.903553299492387,30.131979695431472
JLN,3.674496644295302,0.0,12.39261744966443,0.0,15.708053691275168,21.392617449664428,31.7751677852349
JMS,2.2662337662337664,0.0,8.915584415584416,0.0,23.824675324675326,27.454545454545453,35.006493506493506
JNU,6.393654524089307,0.0,8.858989424206815,0.0,15.192714453584019,22.663924794359577,30.445358401880142
KOA,7.4580529385374605,0.0,6.262000897263347,0.0,17.20457604306864,25.086585912965454,30.92462987886945
KTN,4.83203125,0.0,9.1875,0.0,17.93359375,24.302734375,31.953125
LAN,4.228571428571429,0.0,10.227472527472527,0.0,21.036263736263738,29.676923076923078,35.49230769230769
LAR,1.609375,0.0,15.453125,0.0,17.1796875,18.84375,34.2421875
LAS,8.326059850374065,0.0,8.047292483078019,0.0,17.082539187744924,31.82267545422159,33.45589152119701
LAW,3.8410596026490067,0.0,9.486754966887418,0.0,21.7682119205298,28.294701986754966,35.09602649006622
LAX,7.784169706529955,0.0,9.492704328108054,0.0,15.85674849650005,30.241693778960858,33.13362253113806
LBB,4.79413680781759,0.0,7.999348534201954,0.0,21.25928338762215,31.153094462540718,34.05276872964169
LBE,4.83030303030303,0.0,13.545454545454545,0.0,13.236363636363636,25.666666666666668,31.612121212121213
LBF,0.9850746268656716,0.0,20.074626865671643,0.0,17.62686567164179,19.044776119402986,38.6865671641791
LBL,4.6,0.0,12.011764705882353,0.0,16.741176470588236,22.847058823529412,33.35294117647059
LCH,2.584045584045584,0.0,11.712250712250713,0.0,19.82051282051282,25.487179487179485,34.116809116809115
LCK,6.416666666666667,0.0,6.910919540229885,0.0,21.933908045977013,33.12068965517241,35.26149425287356
LEX,4.123766135155657,0.0,12.04062262718299,0.0,18.80675778283979,27.9415337889142,34.971146545178435
LFT,2.9954710144927534,0.0,12.664855072463768,0.0,18.517210144927535,23.471014492753625,34.177536231884055
LGA,5.7719531769956545,0.0,12.022119563089692,0.0,20.30074775868144,31.85917863994049,38.094820498766786
LGB,7.121140840929138,0.0,7.499852984416348,0.0,19.674507497794767,31.74095854160541,34.29550132314025
LIH,7.7866312527667105,0.0,4.577689243027889,0.0,17.53386454183267,23.642762284196547,29.898185037627268
LIT,4.736535662299854,0.0,11.011062590975255,0.0,17.593886462882097,26.330131004366812,33.341484716157204
LNK,3.180811808118081,0.0,13.182041820418204,0.0,18.771217712177123,24.72078720787208,35.134071340713405
LNY,5.2287694974003465,0.0,3.6065857885615253,0.0,25.440207972270365,29.32062391681109,34.27556325823224
LRD,2.746212121212121,0.0,10.471590909090908,0.0,21.56628787878788,27.075757575757574,34.78409090909091
LSE,2.6334841628959276,0.0,11.606334841628959,0.0,23.45022624434389,29.020361990950228,37.69004524886878
LWB,0.8833333333333333,0.0,9.9,0.0,30.883333333333333,34.266666666666666,41.666666666666664
LWS,2.6160714285714284,0.0,8.267857142857142,0.0,23.125,32.892857142857146,34.00892857142857
LYH,2.9098901098901098,0.0,9.083516483516483,0.0,21.463736263736262,30.476923076923075,33.457142857142856
MAF,4.848795489492568,0.0,7.649410558687852,0.0,22.340850845720144,32.032291132752434,34.83905689390056
MBS,3.7134146341463414,0.0,11.394308943089431,0.0,19.991869918699187,26.591463414634145,35.09959349593496
MCI,5.342205016533591,0.0,10.214049520122591,0.0,17.851923542221147,29.52907492539721,33.40817807887733
MCO,8.2079945799458,0.0,10.050417795844625,0.0,16.330453929539296,32.471262420957544,34.58886630532972
MDT,5.1676113360323885,0.0,12.432793522267206,0.0,18.326315789473686,28.30161943319838,35.92672064777328
MDW,11.504577822990845,0.0,6.552285403585084,0.0,14.807205247833865,33.09215280457431,32.86406847440979
MEI,2.2741433021806854,0.0,8.246105919003115,0.0,29.489096573208723,36.10591900311527,40.00934579439252
MEM,5.223032994923858,0.0,11.390545685279188,0.0,18.661484771573605,30.011104060913706,35.27506345177665
MFE,4.550603528319406,0.0,9.010213556174559,0.0,22.666666666666668,31.319405756731662,36.227483751160634
MFR,3.799901429275505,0.0,11.64514539181863,0.0,17.91030064070971,28.028092656481025,33.355347461803845
MGM,4.131208997188379,0.0,8.8912839737582,0.0,23.08622305529522,31.20149953139644,36.1087160262418
MHK,2.8045112781954886,0.0,10.75187969924812,0.0,25.411027568922307,32.037593984962406,38.96741854636591
MHT,4.479703186381493,0.0,11.36272370144042,0.0,18.2588389349629,27.860759493670887,34.10126582278481
MIA,9.117230810835174,0.0,11.154820390318655,0.0,12.661874070401586,27.392031369721007,32.93392527155542
MKE,5.404268367472096,0.0,12.104501410523733,0.0,16.6709186802404,28.304305163743408,34.179688458236235
MKG,0.6993006993006993,0.0,10.3006993006993,0.0,26.916083916083917,30.804195804195803,37.91608391608391
MKK,5.928571428571429,0.0,3.416256157635468,0.0,25.458128078817733,31.423645320197043,34.80295566502463
MLB,4.055555555555555,0.0,8.282608695652174,0.0,20.485507246376812,29.52415458937198,32.82367149758454
MLI,4.683842239185751,0.0,12.688295165394402,0.0,18.690203562340965,26.571246819338423,36.06234096692112
MLU,3.3640939597315436,0.0,9.912751677852349,0.0,21.22986577181208,28.06040268456376,34.506711409395976
MMH,2.3260869565217392,0.0,11.679347826086957,0.0,24.684782608695652,30.679347826086957,38.69021739130435
MOB,3.793766578249337,0.0,9.4973474801061,0.0,22.13395225464191,30.19297082228117,35.425066312997345
MOT,5.107660455486543,0.0,12.507246376811594,0.0,16.44513457556936,25.283643892339544,34.060041407867494
MQT,4.913907284768212,0.0,12.198675496688741,0.0,17.486754966887418,25.94039735099338,34.59933774834437
MRY,3.2033023735810113,0.0,11.140350877192983,0.0,20.666666666666668,28.867905056759547,35.01031991744066
MSN,3.6807081807081805,0.0,12.765567765567766,0.0,19.28205128205128,28.897435897435898,35.72832722832723
MSO,3.971025260029718,0.0,13.286032689450224,0.0,16.187964338781576,25.394502228826152,33.44502228826151
MSP,6.917493104864738,0.0,13.825714453377149,0.0,11.973211665982044,24.543277976644564,32.716419224223934
MSY,6.969932958623959,0.0,9.441999051940137,0.0,17.534367170041307,31.19841538565721,33.9462991806054
MTJ,3.164116828929068,0.0,10.890125173852573,0.0,22.445062586926287,30.03616133518776,36.499304589707926
MVY,9.197452229299364,0.0,9.770700636942674,0.0,15.254777070063694,29.54140127388535,34.22292993630573
MYR,4.003952569169961,0.0,13.27905138339921,0.0,17.505533596837946,32.559288537549406,34.78853754940712
OAJ,4.111111111111111,0.0,7.447121820615797,0.0,23.049531459170012,33.799196787148595,34.60776439089692
OAK,9.682749728555917,0.0,5.814467969598263,0.0,16.070236156351793,31.42650651465798,31.56745385450597
OGD,7.351851851851852,0.0,8.314814814814815,0.0,21.0,34.407407407407405,36.666666666666664
OGG,10.335415483626727,0.0,4.835888699602498,0.0,14.42949081961007,22.116978989210676,29.600795002839295
OGS,4.380281690140845,0.0,14.901408450704226,0.0,15.76056338028169,25.267605633802816,35.04225352112676
OKC,5.197495008168452,0.0,9.70756943183881,0.0,19.261935015429298,29.16500272281721,34.16699945543656
OMA,4.759232613908873,0.0,11.93285371702638,0.0,17.08872901678657,26.963549160671462,33.78081534772182
OME,3.788235294117647,0.0,8.035294117647059,0.0,21.847058823529412,27.776470588235295,33.67058823529412
ONT,5.432826869252299,0.0,7.523990403838464,0.0,21.093762495002,33.33626549380248,34.05057976809276
ORD,7.530514450292978,0.0,12.213005263680603,0.0,16.227753500844177,28.099256794782665,35.97127321481776
ORF,5.502731362467866,0.0,12.067480719794345,0.0,18.235057840616967,31.772975578406168,35.80526992287918
ORH,8.390022675736962,0.0,10.625850340136054,0.0,20.285714285714285,33.333333333333336,39.301587301587304
OTH,0.7480916030534351,0.0,9.82442748091603,0.0,32.33587786259542,41.045801526717554,42.908396946564885
OTZ,8.10377358490566,0.0,6.773584905660377,0.0,18.0188679245283,27.443396226415093,32.89622641509434
OWB,5.35,0.0,2.225,0.0,29.15,37.775,36.725
PAE,5.243609022556391,0.0,11.533834586466165,0.0,16.025563909774437,27.193984962406017,32.803007518796996
PAH,1.017467248908297,0.0,10.589519650655022,0.0,24.14410480349345,31.580786026200872,35.751091703056765
PBG,5.982578397212544,0.0,13.724738675958188,0.0,16.843205574912893,28.45993031358885,36.55052264808362
PBI,6.566727053140097,0.0,11.466334541062801,0.0,18.78472222222222,35.358997584541065,36.81778381642512
PDX,6.2900651465798045,0.0,11.51742671009772,0.0,13.383821932681867,24.800380021715526,31.193213897937024
PGD,7.703742203742204,0.0,7.701663201663202,0.0,17.738045738045738,30.715176715176714,33.143451143451145
PGV,6.031175059952038,0.0,8.577937649880097,0.0,18.805755395683452,29.767386091127097,33.41486810551559
PHF,5.5532435740514074,0.0,8.247246022031824,0.0,22.510403916768666,35.61689106487148,36.3108935128519
PHL,7.6943839894019685,0.0,11.717330620741862,0.0,16.329674489023468,29.095405942467828,35.7413890991673
PHX,8.42040487942769,0.0,7.179586422840244,0.0,17.463697840788015,31.744025745286915,33.06547217812955
PIA,4.617942768754833,0.0,11.065738592420727,0.0,20.038669760247487,28.667440061871616,35.722351121423046
PIB,2.6640625,0.0,6.0625,0.0,30.1015625,37.609375,38.828125
PIE,8.78881469115192,0.0,6.885642737896494,0.0,16.29465776293823,28.40567612687813,31.969115191986646
PIH,1.1666666666666667,0.0,11.074074074074074,0.0,20.950617283950617,23.450617283950617,33.19135802469136
PIR,1.564102564102564,0.0,8.102564102564102,0.0,27.76923076923077,34.12820512820513,37.43589743589744
PIT,4.584607411246437,0.0,13.83933661570355,0.0,15.811522847024273,26.577265267340415,34.23546687397426
PLN,1.8402777777777777,0.0,4.923611111111111,0.0,32.19444444444444,39.03472222222222,38.958333333333336
PNS,4.568627450980392,0.0,9.55187908496732,0.0,19.665849673202615,29.342728758169933,33.78635620915033
PPG,18.372093023255815,0.0,0.3488372093023256,0.0,7.511627906976744,19.906976744186046,26.232558139534884
PQI,3.1595744680851063,0.0,21.74468085106383,0.0,8.819148936170214,28.04255319148936,33.723404255319146
PRC,6.386861313868613,0.0,13.613138686131387,0.0,13.058394160583942,21.934306569343065,33.058394160583944
PSC,2.7323353293413173,0.0,11.929940119760479,0.0,18.452694610778444,26.49820359281437,33.11497005988024
PSE,1.3665338645418326,0.0,6.039840637450199,0.0,35.62151394422311,42.103585657370516,43.02788844621514
PSG,2.2371794871794872,0.0,8.365384615384615,0.0,23.21153846153846,26.205128205128204,33.81410256410256
PSM,7.230088495575221,0.0,12.247787610619469,0.0,15.584070796460177,27.97345132743363,35.06194690265487
PSP,4.721598002496879,0.0,12.104868913857677,0.0,16.652101539741988,29.286308780690803,33.478568456096546
PUB,1.0896226415094339,0.0,12.18867924528302,0.0,22.264150943396228,24.080188679245282,35.54245283018868
PUW,2.233243967828418,0.0,11.075067024128685,0.0,19.447721179624665,30.222520107238605,32.75603217158177
PVD,5.137101877241088,0.0,11.622864374604514,0.0,18.54018139632989,29.855304788019406,35.30014764817549
PVU,6.705128205128205,0.0,5.7243589743589745,0.0,22.78846153846154,33.506410256410255,35.217948717948715
PWM,4.1915961945031714,0.0,13.25977801268499,0.0,18.522991543340382,29.6553911205074,35.97436575052854
RAP,4.129682997118156,0.0,11.867435158501442,0.0,20.211815561959654,28.438040345821324,36.20893371757925
RDD,1.4761904761904763,0.0,16.210884353741495,0.0,18.744897959183675,31.285714285714285,36.43197278911565
RDM,2.665840356965791,0.0,14.613287059990084,0.0,16.48636588993555,26.301437778879524,33.76549330689142
RDU,6.558786848072562,0.0,12.144614512471655,0.0,16.33078231292517,29.849263038548752,35.034183673469386
RFD,6.894230769230769,0.0,9.173076923076923,0.0,18.153846153846153,29.028846153846153,34.22115384615385
RHI,0.8210526315789474,0.0,10.652631578947368,0.0,18.126315789473683,23.063157894736843,29.6
RIC,5.153963414634147,0.0,13.261640798226164,0.0,16.99057649667406,29.282289356984478,35.40618070953437
RKS,1.4310344827586208,0.0,15.077586206896552,0.0,17.775862068965516,22.155172413793103,34.28448275862069
RNO,4.990080122090805,0.0,10.02212895841282,0.0,18.545402518122852,29.02441816100725,33.55761159862648
ROA,5.964835164835165,0.0,10.095054945054946,0.0,19.928571428571427,32.4478021978022,35.988461538461536
ROC,4.2466439135381115,0.0,12.960637087599546,0.0,19.617519908987486,31.406143344709896,36.82480091012514
ROP,9.666666666666666,0.0,4.833333333333333,0.0,11.5,22.0,26.0
ROW,4.214285714285714,0.0,8.023809523809524,0.0,21.442857142857143,28.63809523809524,33.680952380952384
RST,3.269449715370019,0.0,12.92314990512334,0.0,19.516129032258064,26.25426944971537,35.708728652751425
RSW,5.8761230601687995,0.0,10.301116253743533,0.0,18.925946093111897,33.66675741900354,35.10318540702423
SAF,3.759927797833935,0.0,10.588447653429602,0.0,22.6028880866426,29.73826714801444,36.95126353790614
SAN,5.731500535023459,0.0,9.71335089307762,0.0,17.650465058852582,29.801135895958517,33.09531648695366
SAT,6.195164452189066,0.0,9.033870616423437,0.0,18.1212154214768,30.886190372467873,33.35025049008931
SAV,5.222806095638465,0.0,11.048870204939568,0.0,19.438255386232264,32.61429322122964,35.7099316868103
SBA,2.8359821996185635,0.0,11.239669421487603,0.0,22.075651621106168,32.221869040050855,36.151303242212336
SBN,7.159375,0.0,11.000625,0.0,16.079375,28.93,34.239375
SBP,3.2110591900311527,0.0,11.774143302180685,0.0,20.9291277258567,30.52570093457944,35.914330218068535
SBY,8.082010582010582,0.0,9.957671957671957,0.0,17.54232804232804,31.75925925925926,35.58201058201058
SCC,2.696969696969697,0.0,6.363636363636363,0.0,24.585858585858585,28.22222222222222,33.64646464646464
SCE,3.6226415094339623,0.0,11.054384017758046,0.0,22.705882352941178,32.93007769145394,37.38290788013319
SCK,7.036585365853658,0.0,5.251219512195122,0.0,22.773170731707317,34.114634146341466,35.0609756097561
SDF,5.710349962769918,0.0,12.285629188384215,0.0,16.14326135517498,27.869545793000743,34.139240506329116
SEA,6.995020434075308,0.0,10.57334444312185,0.0,13.957802642542555,25.63682894893465,31.52616751973971
SFB,9.5080064051241,0.0,7.541232986389112,0.0,15.22017614091273,27.70096076861489,32.26941553242594
SFO,6.403832116788321,0.0,10.883467153284672,0.0,18.3203102189781,31.269598540145985,35.60760948905109
SGF,5.54249815225425,0.0,12.219142645971914,0.0,17.263858093126387,27.09719142645972,35.02549889135255
SGU,2.9165009940357853,0.0,11.952286282306163,0.0,15.628230616302186,19.642147117296222,30.497017892644134
SHD,3.957894736842105,0.0,6.71578947368421,0.0,23.03157894736842,31.431578947368422,33.705263157894734
SHV,4.443943661971831,0.0,10.429295774647887,0.0,18.506478873239438,26.82760563380282,33.37971830985916
SIT,3.7885714285714287,0.0,7.1257142857142854,0.0,22.662857142857142,27.068571428571428,33.57714285714286
SJC,6.6478655711373325,0.0,8.313399641687774,0.0,17.822635448199172,29.41187372582937,32.783900661024276
SJT,4.378839590443686,0.0,6.201365187713311,0.0,22.965870307167236,32.774744027303754,33.54607508532423
SJU,7.08602863202545,0.0,7.468584305408272,0.0,21.645943796394487,34.596898197242844,36.20055673382821
SLC,7.109985922528495,0.0,10.460969074973889,0.0,14.36669542709232,27.632532582534854,31.937650424594704
SLN,2.2216494845360826,0.0,13.463917525773196,0.0,21.52061855670103,28.77319587628866,37.20618556701031
SMF,5.635246235246235,0.0,8.526902726902726,0.0,18.814245014245014,30.18713878713879,32.97639397639398
SMX,4.795454545454546,0.0,4.2727272727272725,0.0,25.227272727272727,31.954545454545453,34.29545454545455
SNA,4.9582743988684586,0.0,9.700040412204485,0.0,18.489593857344918,30.685997171145686,33.14790866841786
SPI,3.9565217391304346,0.0,12.934782608695652,0.0,18.164251207729468,25.809178743961354,35.05555555555556
SPN,7.8,0.0,4.875,0.0,16.275,27.658333333333335,28.95
SPS,3.9598214285714284,0.0,10.589285714285714,0.0,19.379464285714285,26.383928571428573,33.92857142857143
SRQ,4.870756402620607,0.0,11.986896962477665,0.0,18.541393686718283,30.87432995830852,35.39904705181656
STC,3.121212121212121,0.0,7.757575757575758,0.0,23.060606060606062,32.06060606060606,33.93939393939394
STL,8.281501340482574,0.0,9.102403293757181,0.0,16.03700689391038,30.843594408272693,33.420911528150135
STS,3.437564499484004,0.0,9.596491228070175,0.0,21.57688338493292,28.87409700722394,34.6109391124871
STT,4.316298342541437,0.0,8.49585635359116,0.0,22.75828729281768,31.54281767955801,35.57044198895028
STX,6.919811320754717,0.0,8.443396226415095,0.0,17.400943396226417,29.54245283018868,32.764150943396224
SUN,2.817629179331307,0.0,14.556231003039514,0.0,15.170212765957446,22.70516717325228,32.54407294832827
SUX,5.980535279805353,0.0,10.909975669099756,0.0,19.610705596107056,28.771289537712896,36.50121654501216
SWF,4.235154394299287,0.0,10.309976247030878,0.0,24.970308788598576,34.105700712589076,39.51543942992874
SWO,2.6885245901639343,0.0,9.385245901639344,0.0,21.21311475409836,26.78688524590164,33.28688524590164
SYR,3.6925322306008272,0.0,13.884942836292872,0.0,18.81634638774021,28.473850644612018,36.39382145463391
TLH,5.442485306465155,0.0,9.000839630562552,0.0,20.70193115029387,29.81360201511335,35.14525608732158
TOL,5.225118483412322,0.0,9.322274881516588,0.0,20.00473933649289,29.170616113744074,34.552132701421804
TPA,6.807855806835573,0.0,9.527291276993708,0.0,18.01405656634359,32.264014056566346,34.349203650172875
TRI,3.4591484464902185,0.0,9.017261219792866,0.0,22.860759493670887,31.81703107019563,35.33716915995397
TTN,8.484590860786398,0.0,11.278427205100957,0.0,18.596174282678003,35.214665249734324,38.35919234856536
TUL,4.604575976125342,0.0,10.11688634667993,0.0,19.33424521263367,28.21611539418055,34.05570753543895
TUS,5.14034620505992,0.0,10.083621837549934,0.0,17.700665778961383,29.91185086551265,32.92463382157124
TVC,3.600494233937397,0.0,10.894563426688633,0.0,22.799011532125206,31.689456342668862,37.29406919275124
TWF,3.331730769230769,0.0,12.274038461538462,0.0,16.721153846153847,22.27403846153846,32.32692307692308
TXK,3.606060606060606,0.0,9.41125541125541,0.0,21.61038961038961,29.593073593073594,34.62770562770563
TYR,3.9015873015873015,0.0,7.984126984126984,0.0,24.346031746031745,34.20634920634921,36.231746031746034
TYS,5.559192200557103,0.0,10.906685236768801,0.0,18.729572887650882,29.91573816155989,35.19545032497679
UIN,1.8421052631578947,0.0,11.567251461988304,0.0,23.23391812865497,30.46783625730994,36.64327485380117
USA,3.384105960264901,0.0,9.62251655629139,0.0,21.966887417218544,27.428256070640177,34.973509933774835
VEL,0.6595744680851063,0.0,9.340425531914894,0.0,31.27659574468085,36.255319148936174,41.276595744680854
VLD,2.43312101910828,0.0,9.464968152866241,0.0,20.61783439490446,26.426751592356688,32.51592356687898
VPS,4.795479009687837,0.0,9.885898815931109,0.0,19.698062432723358,29.334768568353066,34.379440258342306
WRG,1.3359375,0.0,8.1015625,0.0,25.6171875,27.1953125,35.0546875
WYS,0.24,0.0,8.12,0.0,19.32,22.64,27.68
XNA,3.7698412698412698,0.0,12.922104644326867,0.0,18.314520870076425,27.869194591416814,35.00646678424456
XWA,4.533333333333333,0.0,13.11111111111111,0.0,17.666666666666668,25.666666666666668,35.31111111111111
YAK,3.488372093023256,0.0,7.069767441860465,0.0,24.07751937984496,28.74418604651163,34.63565891472868
YKM,0.6879795396419437,0.0,16.539641943734015,0.0,15.05626598465473,27.49616368286445,32.28388746803069
YUM,3.4125,0.0,10.916666666666666,0.0,19.866666666666667,26.491666666666667,34.19583333333333
