,date,maxtempC,maxtempF,mintempC,mintempF,avgtempC,avgtempF,totalSnow_cm,sunHour,uvIndex,airport_code
0,2019-01-01,-1,30,-3,27,-2,29,2.9,3.4,1,ORD
1,2019-01-02,-0,32,-6,22,-2,29,0.5,3.4,1,ORD
2,2019-01-03,3,38,-3,27,0,33,0.0,8.7,2,ORD
3,2019-01-04,8,47,1,34,5,40,0.0,8.7,2,ORD
4,2019-01-05,9,47,2,36,5,42,0.0,8.7,2,ORD
5,2019-01-06,3,38,-2,29,2,36,0.0,6.9,1,ORD
6,2019-01-07,11,51,4,40,8,47,0.0,3.4,2,ORD
7,2019-01-08,6,42,-1,30,5,40,0.0,5.2,1,ORD
8,2019-01-09,-5,23,-6,20,-6,22,0.0,8.7,2,ORD
9,2019-01-10,-1,30,-8,18,-4,24,0.0,8.7,2,ORD
10,2019-01-11,-1,31,-3,26,-2,29,0.0,8.7,2,ORD
11,2019-01-12,-1,30,-2,29,-2,29,6.0,3.5,1,ORD
12,2019-01-13,-1,30,-3,26,-2,29,1.5,7.0,1,ORD
13,2019-01-14,-2,29,-5,23,-3,26,0.1,5.2,1,ORD
14,2019-01-15,-1,31,-5,23,-2,28,0.3,3.5,1,ORD
15,2019-01-16,-0,31,-3,27,-1,30,0.2,3.5,1,ORD
16,2019-01-17,1,33,-2,28,-1,31,0.3,3.5,1,ORD
17,2019-01-18,-1,30,-3,26,-2,28,1.0,3.5,1,ORD
18,2019-01-19,-3,26,-7,19,-5,24,9.3,3.5,1,ORD
19,2019-01-20,-11,13,-14,7,-12,10,0.5,7.0,1,ORD
20,2019-01-21,-9,15,-15,6,-11,11,0.3,7.0,1,ORD
21,2019-01-22,0,33,-11,12,-4,25,0.8,3.5,1,ORD
22,2019-01-23,-0,32,-7,20,-4,26,1.7,3.5,1,ORD
23,2019-01-24,-5,23,-14,7,-9,17,0.5,3.5,1,ORD
24,2019-01-25,-14,6,-21,-7,-17,1,0.6,7.0,1,ORD
25,2019-01-26,-11,13,-22,-8,-15,5,0.6,3.6,1,ORD
26,2019-01-27,-12,10,-20,-4,-16,3,0.4,9.9,1,ORD
27,2019-01-28,1,33,-14,7,-4,26,11.6,5.0,1,ORD
28,2019-01-29,-14,6,-23,-9,-17,1,0.4,5.0,1,ORD
29,2019-01-30,-27,-16,-30,-22,-28,-19,0.0,5.0,1,ORD
30,2019-01-31,-22,-7,-31,-23,-25,-13,0.0,6.7,1,ORD
31,2019-02-01,-8,18,-23,-10,-11,12,0.5,5.0,1,ORD
32,2019-02-02,2,35,-10,14,-0,32,0.0,5.0,1,ORD
33,2019-02-03,4,39,2,36,4,39,0.0,5.0,1,ORD
34,2019-02-04,7,44,1,34,6,43,0.0,6.7,2,ORD
0,2019-01-01,17,62,16,60,16,61,0.0,8.3,4,ATL
1,2019-01-02,18,65,10,49,14,57,0.0,6.6,3,ATL
2,2019-01-03,14,57,11,51,13,55,0.0,5.0,3,ATL
3,2019-01-04,17,63,7,44,14,56,0.0,8.3,3,ATL
4,2019-01-05,14,57,6,42,10,51,0.0,10.0,3,ATL
5,2019-01-06,20,67,5,41,14,57,0.0,10.0,4,ATL
6,2019-01-07,19,67,10,50,15,59,0.0,10.0,5,ATL
7,2019-01-08,17,62,11,52,14,57,0.0,6.7,3,ATL
8,2019-01-09,10,49,5,40,8,46,0.0,10.0,3,ATL
9,2019-01-10,7,45,-1,31,3,38,0.0,10.1,1,ATL
10,2019-01-11,12,53,3,37,8,46,0.0,10.1,3,ATL
11,2019-01-12,4,39,3,38,3,38,0.0,5.0,1,ATL
12,2019-01-13,9,49,4,38,7,44,0.0,5.0,2,ATL
13,2019-01-14,10,49,3,38,7,44,0.0,10.0,2,ATL
14,2019-01-15,10,51,1,33,6,44,0.0,10.1,3,ATL
15,2019-01-16,15,58,1,33,9,47,0.0,10.1,3,ATL
16,2019-01-17,11,52,4,39,8,46,0.0,6.7,2,ATL
17,2019-01-18,14,57,8,46,11,52,0.0,6.7,3,ATL
18,2019-01-19,17,62,10,51,15,59,0.0,5.1,3,ATL
19,2019-01-20,4,39,-1,30,2,36,0.0,10.0,1,ATL
20,2019-01-21,8,47,-3,27,4,38,0.0,10.2,2,ATL
21,2019-01-22,7,45,-0,31,4,39,0.0,8.3,1,ATL
22,2019-01-23,17,63,5,40,13,56,0.0,6.9,3,ATL
23,2019-01-24,7,44,3,38,5,42,0.1,10.0,2,ATL
24,2019-01-25,8,47,1,34,5,41,0.0,10.6,3,ATL
25,2019-01-26,11,51,1,33,6,43,0.0,10.7,3,ATL
26,2019-01-27,12,53,4,38,9,48,0.0,10.7,3,ATL
27,2019-01-28,13,55,4,40,10,50,0.0,10.7,3,ATL
28,2019-01-29,7,45,-4,25,3,38,0.2,10.0,1,ATL
29,2019-01-30,4,38,-6,21,-1,31,0.0,10.0,1,ATL
30,2019-01-31,8,46,-4,25,2,36,0.0,10.7,2,ATL
31,2019-02-01,11,52,-1,31,5,41,0.0,10.8,3,ATL
32,2019-02-02,17,63,3,38,10,50,0.0,10.8,4,ATL
33,2019-02-03,17,63,11,52,14,57,0.0,8.5,3,ATL
34,2019-02-04,19,66,10,49,15,59,0.0,8.5,4,ATL
0,2019-01-01,-8,17,-19,-1,-13,9,0.0,10.0,2,DFW 
1,2019-01-02,-7,19,-20,-3,-11,12,0.0,10.0,2,DFW 
2,2019-01-03,-8,17,-19,-1,-12,10,0.0,10.0,2,DFW 
3,2019-01-04,-9,16,-18,-0,-13,9,0.3,10.0,1,DFW 
4,2019-01-05,-8,17,-20,-4,-13,8,0.0,10.0,2,DFW 
5,2019-01-06,-6,22,-17,1,-10,15,0.0,10.1,2,DFW 
6,2019-01-07,-6,21,-15,4,-10,15,0.0,10.1,2,DFW 
7,2019-01-08,-8,18,-17,2,-12,11,0.0,10.0,2,DFW 
8,2019-01-09,-8,18,-17,2,-11,11,0.0,10.1,2,DFW 
9,2019-01-10,-8,19,-16,4,-11,11,0.2,10.1,1,DFW 
10,2019-01-11,-8,17,-20,-3,-13,9,0.0,10.0,1,DFW 
11,2019-01-12,-6,22,-17,2,-10,13,0.0,10.1,2,DFW 
12,2019-01-13,-5,22,-16,4,-9,15,1.3,10.0,1,DFW 
13,2019-01-14,-5,24,-14,6,-9,16,2.9,10.1,1,DFW 
14,2019-01-15,-11,11,-18,-0,-14,6,0.5,10.1,2,DFW 
15,2019-01-16,-8,17,-21,-6,-14,7,0.0,10.1,2,DFW 
16,2019-01-17,-5,24,-18,-1,-10,14,0.0,10.0,1,DFW 
17,2019-01-18,-6,21,-16,3,-11,13,0.9,10.0,1,DFW 
18,2019-01-19,-8,17,-19,-3,-13,8,0.0,10.2,2,DFW 
19,2019-01-20,-9,16,-20,-4,-14,8,0.0,10.2,2,DFW 
20,2019-01-21,-6,22,-18,-1,-11,12,0.0,10.2,2,DFW 
21,2019-01-22,-5,23,-17,2,-10,15,0.0,6.7,1,DFW 
22,2019-01-23,-4,26,-14,7,-8,18,0.0,10.2,2,DFW 
23,2019-01-24,-2,28,-15,6,-7,19,0.0,10.2,1,DFW 
24,2019-01-25,-3,28,-14,8,-7,20,0.0,10.3,2,DFW 
25,2019-01-26,-2,29,-12,11,-6,21,0.0,10.3,1,DFW 
26,2019-01-27,-1,29,-13,9,-6,22,0.6,10.3,1,DFW 
27,2019-01-28,-3,26,-12,10,-6,20,1.1,10.7,1,DFW 
28,2019-01-29,-5,23,-13,8,-8,17,0.9,10.7,1,DFW 
29,2019-01-30,-9,16,-14,6,-12,11,0.9,10.7,1,DFW 
30,2019-01-31,-7,20,-16,3,-11,12,0.0,10.8,2,DFW 
31,2019-02-01,-3,26,-13,9,-7,19,0.1,10.8,1,DFW 
32,2019-02-02,-6,20,-13,10,-9,16,2.2,5.4,1,DFW 
33,2019-02-03,-7,19,-22,-7,-13,9,0.0,10.8,2,DFW 
34,2019-02-04,-9,17,-20,-4,-14,7,0.0,10.8,2,DFW 
0,2019-01-01,-10,14,-14,6,-12,11,0.0,7.0,1,DEN 
1,2019-01-02,-8,18,-13,8,-10,15,0.0,8.7,2,DEN 
2,2019-01-03,-7,19,-12,10,-9,16,0.0,8.7,1,DEN 
3,2019-01-04,-8,18,-12,10,-10,14,0.0,8.7,2,DEN 
4,2019-01-05,-6,21,-11,12,-8,17,0.0,8.7,2,DEN 
5,2019-01-06,-4,24,-10,15,-6,21,0.0,8.7,2,DEN 
6,2019-01-07,-5,23,-9,16,-7,20,0.0,8.7,1,DEN 
7,2019-01-08,-5,24,-11,13,-7,19,0.0,7.0,1,DEN 
8,2019-01-09,-5,22,-10,14,-7,19,0.0,8.7,2,DEN 
9,2019-01-10,-4,25,-9,16,-6,21,0.0,8.7,1,DEN 
10,2019-01-11,-2,28,-9,15,-5,23,0.0,8.7,2,DEN 
11,2019-01-12,-2,29,-8,18,-4,24,0.0,8.7,2,DEN 
12,2019-01-13,-0,31,-8,18,-3,26,0.0,7.0,1,DEN 
13,2019-01-14,-5,23,-9,15,-6,21,0.0,8.7,2,DEN 
14,2019-01-15,-11,13,-13,8,-12,11,0.0,9.8,1,DEN 
15,2019-01-16,-6,21,-13,9,-9,16,0.0,9.8,1,DEN 
16,2019-01-17,-4,25,-10,14,-6,20,0.0,9.8,2,DEN 
17,2019-01-18,-3,27,-7,19,-4,24,0.0,4.9,1,DEN 
18,2019-01-19,-4,25,-7,19,-5,23,0.0,9.9,1,DEN 
19,2019-01-20,-5,24,-10,13,-7,19,0.0,9.9,2,DEN 
20,2019-01-21,-1,31,-8,18,-4,26,0.0,9.9,2,DEN 
21,2019-01-22,1,33,-5,22,-2,28,0.0,9.9,2,DEN 
22,2019-01-23,-0,31,-7,19,-3,27,0.0,9.9,2,DEN 
23,2019-01-24,-2,28,-6,21,-4,25,0.0,9.9,1,DEN 
24,2019-01-25,-4,25,-10,15,-6,21,0.0,10.0,2,DEN 
25,2019-01-26,-2,29,-8,18,-4,24,0.0,10.0,2,DEN 
26,2019-01-27,-3,27,-7,19,-5,23,0.0,10.0,2,DEN 
27,2019-01-28,1,34,-6,21,-2,29,0.0,10.0,1,DEN 
28,2019-01-29,-0,31,-5,23,-2,28,0.0,10.0,2,DEN 
29,2019-01-30,-6,21,-8,17,-7,19,0.0,10.1,2,DEN 
30,2019-01-31,-6,22,-9,17,-7,19,0.1,10.0,1,DEN 
31,2019-02-01,-4,25,-8,17,-6,21,0.0,10.1,2,DEN 
32,2019-02-02,-0,31,-7,20,-3,26,0.0,10.1,1,DEN 
33,2019-02-03,-3,28,-9,16,-5,23,0.0,10.1,2,DEN 
34,2019-02-04,2,36,-5,23,-1,31,0.0,10.2,2,DEN 
0,2019-01-01,3,37,-1,29,1,34,0.0,8.7,2,LAX
1,2019-01-02,6,43,-0,32,3,38,0.0,8.7,2,LAX
2,2019-01-03,7,44,0,33,5,40,0.0,7.0,1,LAX
3,2019-01-04,6,42,4,39,5,41,0.0,3.7,1,LAX
4,2019-01-05,5,42,2,36,4,39,0.0,3.7,1,LAX
5,2019-01-06,6,43,2,35,5,41,0.1,3.8,1,LAX
6,2019-01-07,6,43,2,35,4,40,0.0,3.8,1,LAX
7,2019-01-08,6,43,1,34,4,39,0.0,5.4,1,LAX
8,2019-01-09,4,39,1,33,3,37,3.2,3.8,1,LAX
9,2019-01-10,6,42,1,33,4,39,1.0,5.4,1,LAX
10,2019-01-11,4,39,3,37,4,39,0.0,3.8,1,LAX
11,2019-01-12,7,45,2,36,5,42,0.0,8.7,3,LAX
12,2019-01-13,10,50,3,37,7,44,0.0,8.7,3,LAX
13,2019-01-14,8,47,2,35,6,43,0.0,8.7,2,LAX
14,2019-01-15,4,40,-1,31,3,37,0.0,8.7,2,LAX
15,2019-01-16,4,39,-2,28,2,36,0.0,8.7,2,LAX
16,2019-01-17,9,47,-0,32,5,42,0.0,8.7,3,LAX
17,2019-01-18,9,49,2,35,6,43,0.0,8.7,2,LAX
18,2019-01-19,10,49,3,37,6,44,0.0,8.7,3,LAX
19,2019-01-20,7,44,0,33,4,40,0.0,8.7,2,LAX
20,2019-01-21,7,45,1,33,5,41,0.0,8.7,2,LAX
21,2019-01-22,9,48,1,34,6,43,0.0,8.7,3,LAX
22,2019-01-23,14,57,4,39,10,50,0.0,8.7,3,LAX
23,2019-01-24,11,53,4,39,9,47,0.0,8.7,3,LAX
24,2019-01-25,7,45,1,33,6,42,0.0,7.1,3,LAX
25,2019-01-26,6,42,-1,30,3,38,0.0,8.7,2,LAX
26,2019-01-27,8,46,0,33,5,42,0.0,8.7,3,LAX
27,2019-01-28,9,49,4,40,7,44,0.0,8.7,3,LAX
28,2019-01-29,7,45,2,36,6,42,0.0,7.1,2,LAX
29,2019-01-30,7,44,4,39,5,42,0.0,3.9,2,LAX
30,2019-01-31,4,39,1,34,3,37,6.0,7.1,1,LAX
31,2019-02-01,5,41,-0,32,3,37,0.0,8.7,2,LAX
32,2019-02-02,4,39,1,33,3,37,0.0,5.5,1,LAX
33,2019-02-03,7,44,-0,31,5,41,0.0,8.7,2,LAX
34,2019-02-04,9,48,2,36,6,43,0.0,8.7,3,LAX
0,2019-01-01,-1,31,-10,15,-5,23,0.0,8.7,2,CLT
1,2019-01-02,-4,25,-10,15,-6,22,0.0,8.7,2,CLT
2,2019-01-03,2,36,-8,18,-2,28,0.0,8.7,1,CLT
3,2019-01-04,1,33,-8,18,-4,26,0.0,7.0,1,CLT
4,2019-01-05,-2,28,-11,12,-6,21,0.0,8.7,1,CLT
5,2019-01-06,-1,31,-6,22,-2,28,0.0,7.0,1,CLT
6,2019-01-07,-2,29,-8,18,-4,24,0.0,8.7,2,CLT
7,2019-01-08,-2,28,-10,14,-6,22,0.0,8.7,2,CLT
8,2019-01-09,1,34,-9,15,-3,26,0.0,8.7,2,CLT
9,2019-01-10,-0,31,-8,17,-4,24,0.0,8.7,2,CLT
10,2019-01-11,-1,30,-10,15,-5,22,0.0,8.7,2,CLT
11,2019-01-12,-1,30,-10,14,-5,23,0.0,7.0,1,CLT
12,2019-01-13,-1,31,-8,18,-4,25,0.2,7.1,1,CLT
13,2019-01-14,4,39,-6,22,-1,31,0.1,8.7,2,CLT
14,2019-01-15,0,33,-7,20,-3,27,0.0,7.1,1,CLT
15,2019-01-16,-2,29,-10,13,-6,22,0.0,8.7,2,CLT
16,2019-01-17,2,36,-7,20,-2,29,1.2,8.7,1,CLT
17,2019-01-18,0,33,-6,22,-2,28,0.1,8.7,1,CLT
18,2019-01-19,0,32,-5,23,-2,28,0.0,8.7,1,CLT
19,2019-01-20,-3,26,-9,16,-6,21,0.2,8.7,1,CLT
20,2019-01-21,-5,22,-11,12,-9,16,0.8,8.7,1,CLT
21,2019-01-22,-6,21,-11,12,-9,16,0.4,7.1,1,CLT
22,2019-01-23,-4,25,-12,11,-8,18,0.1,8.7,1,CLT
23,2019-01-24,-1,30,-10,14,-5,23,0.0,8.7,2,CLT
24,2019-01-25,-1,30,-9,15,-5,24,0.0,8.7,2,CLT
25,2019-01-26,-2,29,-9,17,-5,23,0.0,8.7,2,CLT
26,2019-01-27,-0,31,-9,16,-4,25,0.0,8.7,2,CLT
27,2019-01-28,4,38,-7,20,-1,30,0.0,8.7,2,CLT
28,2019-01-29,7,45,-4,25,3,37,0.0,7.1,1,CLT
29,2019-01-30,-3,28,-6,22,-4,25,0.0,8.7,2,CLT
30,2019-01-31,-6,21,-10,15,-8,18,0.0,8.7,1,CLT
31,2019-02-01,1,34,-10,13,-4,25,0.0,7.1,1,CLT
32,2019-02-02,1,35,-3,27,-1,31,0.0,8.7,1,CLT
33,2019-02-03,3,38,-5,23,-1,31,0.0,8.7,2,CLT
34,2019-02-04,5,42,-6,20,0,32,0.0,8.7,2,CLT
0,2019-01-01,-9,15,-17,2,-12,10,0.0,3.3,1,SEA
1,2019-01-02,-9,15,-16,3,-12,11,0.0,8.7,2,SEA
2,2019-01-03,-10,15,-14,6,-12,11,0.0,8.7,1,SEA
3,2019-01-04,-10,14,-15,5,-12,10,0.0,8.7,1,SEA
4,2019-01-05,-11,13,-17,2,-13,8,0.0,8.7,2,SEA
5,2019-01-06,-11,12,-17,2,-14,8,0.0,8.7,2,SEA
6,2019-01-07,-11,12,-17,1,-14,7,0.0,8.7,2,SEA
7,2019-01-08,-9,16,-17,1,-13,9,0.0,8.7,2,SEA
8,2019-01-09,-4,26,-12,10,-7,20,0.0,8.7,2,SEA
9,2019-01-10,-4,25,-11,13,-7,19,0.0,8.7,2,SEA
10,2019-01-11,-6,21,-12,11,-9,16,0.0,6.9,1,SEA
11,2019-01-12,-8,18,-13,8,-11,13,0.0,8.7,2,SEA
12,2019-01-13,-8,19,-14,8,-10,13,0.0,8.7,2,SEA
13,2019-01-14,-7,20,-14,8,-10,14,0.0,6.9,1,SEA
14,2019-01-15,-10,13,-16,3,-13,9,0.0,8.7,2,SEA
15,2019-01-16,-9,15,-16,4,-12,10,0.0,8.7,2,SEA
16,2019-01-17,-12,11,-18,-1,-15,6,0.0,8.7,2,SEA
17,2019-01-18,-10,15,-16,3,-12,10,0.0,8.7,2,SEA
18,2019-01-19,-6,21,-14,8,-10,14,0.0,8.7,2,SEA
19,2019-01-20,-7,19,-14,7,-10,15,0.0,6.9,1,SEA
20,2019-01-21,-5,23,-12,10,-8,17,0.1,8.7,1,SEA
21,2019-01-22,-1,30,-9,17,-5,23,0.0,8.7,2,SEA
22,2019-01-23,-6,21,-12,11,-9,16,0.0,8.7,2,SEA
23,2019-01-24,-7,20,-13,8,-9,15,0.0,6.9,1,SEA
24,2019-01-25,-5,22,-13,9,-9,16,0.0,8.7,2,SEA
25,2019-01-26,-2,28,-11,12,-6,21,0.0,8.7,2,SEA
26,2019-01-27,-3,27,-10,15,-6,22,0.0,6.9,1,SEA
27,2019-01-28,-5,23,-11,12,-7,19,0.0,8.7,2,SEA
28,2019-01-29,-1,30,-10,15,-5,23,0.0,8.7,2,SEA
29,2019-01-30,-12,10,-15,6,-13,9,0.0,8.7,2,SEA
30,2019-01-31,-8,18,-15,6,-11,13,0.0,8.7,2,SEA
31,2019-02-01,-8,19,-12,11,-10,15,0.0,5.2,1,SEA
32,2019-02-02,-8,17,-14,8,-11,13,0.0,5.2,1,SEA
33,2019-02-03,-12,11,-19,-2,-14,7,0.0,8.7,2,SEA
34,2019-02-04,-14,7,-21,-5,-16,3,0.0,3.5,1,SEA
0,2019-01-01,1,33,-1,30,-0,31,0.1,3.5,1,SFO
1,2019-01-02,1,34,0,33,1,33,0.0,8.7,2,SFO
2,2019-01-03,4,39,2,35,3,37,0.0,8.7,2,SFO
3,2019-01-04,4,39,2,35,3,38,0.0,8.7,1,SFO
4,2019-01-05,1,34,-0,32,1,33,0.0,8.7,2,SFO
5,2019-01-06,1,34,-0,32,0,33,0.0,8.7,2,SFO
6,2019-01-07,3,38,2,35,3,37,0.0,5.3,1,SFO
7,2019-01-08,1,33,-1,30,-0,32,0.0,7.0,1,SFO
8,2019-01-09,2,35,-2,29,-0,31,0.0,7.0,1,SFO
9,2019-01-10,4,38,1,34,2,36,0.0,8.7,2,SFO
10,2019-01-11,5,40,3,38,4,39,0.0,7.0,1,SFO
11,2019-01-12,4,40,3,38,4,39,0.2,5.3,1,SFO
12,2019-01-13,4,39,3,37,3,38,0.0,8.7,2,SFO
13,2019-01-14,4,38,2,35,3,37,0.0,5.3,1,SFO
14,2019-01-15,-3,27,-4,25,-3,26,0.1,7.0,1,SFO
15,2019-01-16,1,33,-2,28,-1,31,0.0,7.0,1,SFO
16,2019-01-17,3,37,0,33,2,36,0.0,8.7,2,SFO
17,2019-01-18,6,42,3,37,5,40,0.0,8.7,2,SFO
18,2019-01-19,5,42,2,35,4,40,0.0,8.7,1,SFO
19,2019-01-20,2,35,-0,31,0,33,0.0,8.7,2,SFO
20,2019-01-21,5,41,3,37,4,39,0.0,8.7,2,SFO
21,2019-01-22,7,45,3,38,5,41,0.0,8.7,3,SFO
22,2019-01-23,5,42,5,40,5,41,0.0,8.7,2,SFO
23,2019-01-24,6,43,4,39,5,41,0.0,8.7,1,SFO
24,2019-01-25,-0,32,-2,29,-1,30,0.0,8.7,2,SFO
25,2019-01-26,1,35,0,33,1,34,0.0,8.7,2,SFO
26,2019-01-27,5,42,-0,32,3,38,0.0,5.5,1,SFO
27,2019-01-28,2,36,2,35,2,36,0.0,8.7,2,SFO
28,2019-01-29,6,42,1,34,4,39,0.0,8.7,1,SFO
29,2019-01-30,5,40,1,34,3,38,0.0,8.7,1,SFO
30,2019-01-31,-2,29,-6,21,-2,28,0.0,4.0,1,SFO
31,2019-02-01,4,39,-5,23,2,36,0.0,8.7,2,SFO
32,2019-02-02,7,44,2,35,5,41,0.0,5.6,2,SFO
33,2019-02-03,4,39,1,33,3,37,0.2,5.6,1,SFO
34,2019-02-04,4,39,-0,31,2,36,0.0,7.1,1,SFO
0,2019-01-01,1,35,-12,10,-6,22,0.0,8.7,2,EWR
1,2019-01-02,-3,27,-12,11,-7,19,4.3,3.5,1,EWR
2,2019-01-03,-2,28,-17,2,-11,12,0.4,7.0,1,EWR
3,2019-01-04,0,32,-15,4,-8,18,0.1,7.0,1,EWR
4,2019-01-05,-4,26,-11,12,-8,18,4.8,3.5,1,EWR
5,2019-01-06,-1,30,-16,4,-8,17,2.5,8.7,1,EWR
6,2019-01-07,0,32,-16,3,-7,19,0.0,8.7,2,EWR
7,2019-01-08,-1,31,-10,13,-5,22,1.9,5.2,1,EWR
8,2019-01-09,-2,28,-13,8,-8,17,6.2,8.7,1,EWR
9,2019-01-10,-1,31,-16,4,-9,15,0.0,8.7,2,EWR
10,2019-01-11,-7,19,-12,10,-10,15,2.7,8.7,1,EWR
11,2019-01-12,-8,18,-16,3,-13,9,4.9,8.7,1,EWR
12,2019-01-13,-4,24,-19,-2,-13,8,0.0,8.7,2,EWR
13,2019-01-14,0,32,-18,-1,-9,15,0.0,8.7,1,EWR
14,2019-01-15,2,36,-10,13,-3,27,0.5,9.8,1,EWR
15,2019-01-16,-2,29,-10,15,-5,23,7.0,4.9,1,EWR
16,2019-01-17,-1,31,-15,5,-8,18,0.3,9.8,2,EWR
17,2019-01-18,3,37,-14,6,-6,22,0.0,9.8,2,EWR
18,2019-01-19,1,33,-9,16,-5,24,0.0,9.8,2,EWR
19,2019-01-20,-1,30,-15,6,-8,18,0.0,9.8,2,EWR
20,2019-01-21,-5,23,-15,5,-11,12,2.3,9.9,1,EWR
21,2019-01-22,-5,23,-16,4,-11,12,0.0,9.9,2,EWR
22,2019-01-23,-4,26,-15,5,-10,14,0.0,9.9,1,EWR
23,2019-01-24,-5,23,-17,2,-11,12,0.5,9.9,1,EWR
24,2019-01-25,-3,27,-19,-2,-11,12,0.0,9.9,2,EWR
25,2019-01-26,-3,27,-19,-2,-12,11,0.0,9.9,2,EWR
26,2019-01-27,-4,26,-19,-2,-12,10,0.0,10.0,2,EWR
27,2019-01-28,-2,28,-19,-2,-11,12,0.0,10.0,2,EWR
28,2019-01-29,1,34,-16,4,-5,23,0.0,8.3,1,EWR
29,2019-01-30,2,36,-8,17,-3,27,0.0,10.0,1,EWR
30,2019-01-31,-0,32,-7,20,-4,25,4.0,6.7,1,EWR
31,2019-02-01,-1,31,-10,15,-6,22,2.8,6.7,1,EWR
32,2019-02-02,0,32,-11,13,-5,22,0.0,10.1,1,EWR
33,2019-02-03,0,32,-12,10,-7,20,0.0,10.1,2,EWR
34,2019-02-04,1,33,-12,10,-5,23,0.9,5.1,1,EWR
0,2019-01-01,4,40,-5,23,0,33,0.0,8.7,1,LGA
1,2019-01-02,2,35,-7,20,-1,31,4.2,5.2,1,LGA
2,2019-01-03,3,37,-9,16,-1,30,0.3,7.0,1,LGA
3,2019-01-04,3,37,-5,24,-1,30,0.0,7.0,1,LGA
4,2019-01-05,1,33,-6,22,-1,30,5.3,3.5,1,LGA
5,2019-01-06,3,38,-5,24,-0,32,1.6,8.7,1,LGA
6,2019-01-07,4,39,-5,22,-1,31,0.0,8.7,2,LGA
7,2019-01-08,4,38,-7,20,-0,31,2.0,7.0,1,LGA
8,2019-01-09,1,34,-12,11,-5,23,5.9,8.7,1,LGA
9,2019-01-10,1,34,-11,12,-4,25,0.0,8.7,2,LGA
10,2019-01-11,2,35,-11,13,-5,22,2.6,7.0,1,LGA
11,2019-01-12,-1,31,-10,14,-3,26,5.1,8.7,1,LGA
12,2019-01-13,-1,29,-14,7,-8,18,0.0,8.7,2,LGA
13,2019-01-14,4,39,-10,13,-1,30,0.0,9.7,1,LGA
14,2019-01-15,5,41,-2,29,3,37,0.0,8.2,1,LGA
15,2019-01-16,3,38,-5,24,1,33,0.1,6.6,1,LGA
16,2019-01-17,2,36,-9,16,-3,27,0.1,9.8,2,LGA
17,2019-01-18,6,42,-5,23,1,34,0.0,9.8,1,LGA
18,2019-01-19,6,43,-4,25,3,37,0.0,9.8,2,LGA
19,2019-01-20,4,40,-5,23,1,34,0.0,9.8,2,LGA
20,2019-01-21,-2,29,-13,10,-4,24,5.4,6.6,1,LGA
21,2019-01-22,-2,29,-13,8,-7,19,0.0,9.9,2,LGA
22,2019-01-23,-0,32,-14,8,-7,19,0.0,9.9,1,LGA
23,2019-01-24,1,33,-10,14,-3,27,0.5,9.9,1,LGA
24,2019-01-25,1,35,-10,13,-4,24,0.0,9.9,2,LGA
25,2019-01-26,2,36,-13,9,-4,24,0.0,9.9,2,LGA
26,2019-01-27,2,36,-9,15,-3,27,0.0,10.0,2,LGA
27,2019-01-28,-0,32,-13,9,-5,23,0.0,9.9,1,LGA
28,2019-01-29,6,43,-6,22,1,35,0.0,10.0,2,LGA
29,2019-01-30,6,43,2,35,4,40,0.0,5.0,1,LGA
30,2019-01-31,4,39,2,36,3,37,0.0,5.0,1,LGA
31,2019-02-01,5,40,-0,32,2,36,0.1,10.0,1,LGA
32,2019-02-02,7,44,-1,31,3,37,0.0,10.1,2,LGA
33,2019-02-03,5,41,-1,29,2,35,0.0,10.1,2,LGA
34,2019-02-04,6,42,-2,28,2,35,0.0,5.1,1,LGA
0,2019-01-01,4,40,-2,28,2,35,0.0,8.7,2,PHX
1,2019-01-02,6,43,-1,30,4,39,0.0,8.7,2,PHX
2,2019-01-03,7,45,1,33,5,41,0.0,8.7,2,PHX
3,2019-01-04,7,44,1,34,4,39,0.0,5.4,1,PHX
4,2019-01-05,6,42,-1,29,3,37,0.0,8.7,2,PHX
5,2019-01-06,7,44,-2,29,4,40,0.0,8.7,2,PHX
6,2019-01-07,7,45,-0,31,5,40,0.0,8.7,2,PHX
7,2019-01-08,7,44,-0,32,4,39,0.0,8.7,1,PHX
8,2019-01-09,1,34,-1,29,-0,32,0.5,3.8,1,PHX
9,2019-01-10,6,43,-2,28,3,38,0.0,8.7,1,PHX
10,2019-01-11,10,50,0,33,6,43,0.0,8.7,3,PHX
11,2019-01-12,8,46,-0,32,5,40,0.0,8.7,2,PHX
12,2019-01-13,9,49,2,36,5,42,0.0,8.7,3,PHX
13,2019-01-14,10,49,0,32,6,43,0.0,8.7,3,PHX
14,2019-01-15,5,40,-2,29,3,37,0.0,8.7,2,PHX
15,2019-01-16,6,42,-2,28,2,36,0.0,8.7,2,PHX
16,2019-01-17,11,51,0,32,7,44,0.0,8.7,3,PHX
17,2019-01-18,8,47,2,35,6,42,0.0,5.4,2,PHX
18,2019-01-19,10,50,2,36,7,44,0.0,8.7,3,PHX
19,2019-01-20,9,48,2,35,6,43,0.0,7.1,2,PHX
20,2019-01-21,11,52,1,33,7,45,0.0,8.7,3,PHX
21,2019-01-22,15,58,2,35,9,49,0.0,8.7,3,PHX
22,2019-01-23,16,62,4,39,12,53,0.0,8.7,4,PHX
23,2019-01-24,16,61,7,44,12,54,0.0,8.7,4,PHX
24,2019-01-25,11,51,4,40,8,47,0.0,7.1,2,PHX
25,2019-01-26,8,47,1,33,5,41,0.0,8.7,3,PHX
26,2019-01-27,10,51,1,33,7,44,0.0,8.7,3,PHX
27,2019-01-28,11,52,4,40,8,47,0.0,3.9,2,PHX
28,2019-01-29,11,52,3,38,8,46,0.0,10.7,3,PHX
29,2019-01-30,5,41,4,39,5,41,0.0,5.4,1,PHX
30,2019-01-31,8,46,1,34,5,40,0.0,10.7,2,PHX
31,2019-02-01,8,47,2,36,5,41,0.0,10.7,3,PHX
32,2019-02-02,10,51,2,36,7,44,0.0,10.8,3,PHX
33,2019-02-03,15,60,5,41,11,52,0.0,10.8,3,PHX
34,2019-02-04,14,58,5,41,11,51,0.0,10.8,3,PHX
0,2019-01-01,-1,30,-20,-4,-10,15,0.2,10.2,1,IAH
1,2019-01-02,4,40,-19,-3,-6,22,0.0,10.2,2,IAH
2,2019-01-03,0,32,-20,-4,-10,14,1.2,10.2,1,IAH
3,2019-01-04,-8,17,-20,-3,-14,7,3.9,10.2,1,IAH
4,2019-01-05,2,36,-24,-10,-10,15,0.0,10.2,2,IAH
5,2019-01-06,2,35,-20,-4,-7,20,0.0,10.2,1,IAH
6,2019-01-07,-2,28,-19,-3,-10,14,0.0,10.2,2,IAH
7,2019-01-08,-1,31,-20,-4,-10,14,1.4,10.2,1,IAH
8,2019-01-09,1,33,-21,-5,-10,14,1.8,10.2,1,IAH
9,2019-01-10,-3,26,-20,-3,-11,12,2.2,10.2,1,IAH
10,2019-01-11,2,35,-21,-6,-9,16,0.3,10.2,1,IAH
11,2019-01-12,4,39,-20,-3,-8,18,0.0,10.2,2,IAH
12,2019-01-13,3,38,-18,-1,-7,19,0.3,10.2,1,IAH
13,2019-01-14,-6,21,-18,0,-11,11,0.7,10.7,1,IAH
14,2019-01-15,-1,29,-20,-4,-10,13,1.8,10.7,1,IAH
15,2019-01-16,7,45,-24,-12,-8,17,0.0,10.7,2,IAH
16,2019-01-17,5,40,-19,-3,-7,19,0.1,10.7,1,IAH
17,2019-01-18,-7,19,-20,-4,-13,9,0.9,10.7,1,IAH
18,2019-01-19,-1,30,-21,-5,-10,13,0.5,10.7,1,IAH
19,2019-01-20,4,39,-19,-2,-7,19,0.2,10.7,1,IAH
20,2019-01-21,6,43,-17,1,-6,21,0.1,10.7,1,IAH
21,2019-01-22,4,39,-18,0,-7,20,0.6,10.7,1,IAH
22,2019-01-23,5,41,-18,-0,-7,20,0.3,10.8,1,IAH
23,2019-01-24,5,40,-18,0,-6,20,0.6,10.8,1,IAH
24,2019-01-25,6,43,-17,1,-6,22,0.2,10.8,1,IAH
25,2019-01-26,4,39,-15,6,-6,21,1.3,10.8,1,IAH
26,2019-01-27,5,40,-14,7,-6,22,1.3,10.8,1,IAH
27,2019-01-28,2,35,-16,3,-8,19,0.9,10.8,1,IAH
28,2019-01-29,0,33,-18,1,-9,15,1.0,10.1,1,IAH
29,2019-01-30,-1,30,-18,1,-6,21,0.0,10.8,1,IAH
30,2019-01-31,2,35,-12,11,-4,25,0.0,10.9,2,IAH
31,2019-02-01,1,34,-10,13,-4,25,0.4,10.1,1,IAH
32,2019-02-02,-2,28,-9,16,-5,23,4.3,5.4,1,IAH
33,2019-02-03,4,40,-18,-0,-7,20,2.0,10.9,1,IAH
34,2019-02-04,7,44,-17,1,-6,21,0.9,10.9,1,IAH
0,2019-01-01,4,38,-6,22,-0,31,0.0,8.7,2,LAS
1,2019-01-02,6,43,-2,29,4,38,0.0,8.7,2,LAS
2,2019-01-03,8,46,-2,29,4,40,0.0,8.7,2,LAS
3,2019-01-04,5,40,-3,27,1,34,0.0,8.7,2,LAS
4,2019-01-05,4,39,-3,26,1,33,0.0,8.7,2,LAS
5,2019-01-06,5,41,-4,26,2,36,0.0,8.7,2,LAS
6,2019-01-07,6,43,-2,28,3,37,0.0,8.7,2,LAS
7,2019-01-08,4,38,-2,28,1,34,0.0,8.7,2,LAS
8,2019-01-09,3,37,-2,28,1,33,0.0,5.4,1,LAS
9,2019-01-10,6,42,-3,26,2,35,0.0,7.0,1,LAS
10,2019-01-11,8,47,-2,29,5,41,0.0,8.7,2,LAS
11,2019-01-12,10,49,-1,31,5,42,0.0,8.7,3,LAS
12,2019-01-13,10,50,0,33,6,42,0.0,8.7,3,LAS
13,2019-01-14,9,48,0,32,5,41,0.0,8.7,3,LAS
14,2019-01-15,0,33,-3,26,-2,29,0.0,8.7,1,LAS
15,2019-01-16,6,42,-6,22,1,34,0.0,8.7,2,LAS
16,2019-01-17,11,52,-2,28,7,44,0.0,8.7,3,LAS
17,2019-01-18,9,49,-1,30,5,42,0.0,7.1,2,LAS
18,2019-01-19,7,45,1,35,4,40,0.0,8.7,2,LAS
19,2019-01-20,8,46,-1,30,4,39,0.0,8.7,2,LAS
20,2019-01-21,12,54,-1,30,7,45,0.0,8.7,3,LAS
21,2019-01-22,15,59,2,35,10,50,0.0,8.7,4,LAS
22,2019-01-23,16,61,5,41,12,53,0.0,8.7,4,LAS
23,2019-01-24,13,56,4,40,10,50,0.0,7.1,3,LAS
24,2019-01-25,7,45,3,38,6,42,0.0,8.7,2,LAS
25,2019-01-26,7,44,1,33,5,40,0.0,8.7,2,LAS
26,2019-01-27,10,49,0,32,6,43,0.0,7.1,2,LAS
27,2019-01-28,9,49,1,34,6,43,0.0,3.8,2,LAS
28,2019-01-29,11,52,2,36,8,46,0.0,7.1,2,LAS
29,2019-01-30,9,47,4,38,6,43,0.0,7.1,2,LAS
30,2019-01-31,6,42,0,32,3,38,0.1,8.7,2,LAS
31,2019-02-01,9,48,1,33,5,41,0.0,8.7,3,LAS
32,2019-02-02,10,51,2,35,7,44,0.0,8.7,3,LAS
33,2019-02-03,12,54,2,35,8,47,0.0,8.7,2,LAS
34,2019-02-04,14,58,2,36,10,50,0.0,8.7,3,LAS
0,2019-01-01,-5,23,-11,12,-8,18,0.0,5.3,1,DTW
1,2019-01-02,-4,26,-9,17,-6,22,0.0,5.3,1,DTW
2,2019-01-03,-4,24,-9,16,-6,20,0.0,7.0,1,DTW
3,2019-01-04,-3,28,-9,16,-6,22,0.0,8.7,2,DTW
4,2019-01-05,-2,28,-8,17,-5,23,0.0,8.7,1,DTW
5,2019-01-06,-2,28,-8,18,-5,23,0.0,8.7,2,DTW
6,2019-01-07,-4,25,-11,13,-7,20,0.0,8.7,2,DTW
7,2019-01-08,-5,22,-10,14,-7,19,0.0,8.7,1,DTW
8,2019-01-09,-5,23,-10,14,-7,19,0.0,8.7,1,DTW
9,2019-01-10,-4,25,-11,12,-7,19,0.0,8.7,2,DTW
10,2019-01-11,-5,24,-10,14,-7,19,0.0,7.0,1,DTW
11,2019-01-12,-3,26,-8,17,-5,23,0.0,3.6,1,DTW
12,2019-01-13,-3,27,-8,17,-5,23,0.0,8.7,2,DTW
13,2019-01-14,-5,24,-10,14,-7,20,0.0,7.0,1,DTW
14,2019-01-15,-5,23,-11,12,-8,18,0.0,8.7,2,DTW
15,2019-01-16,-3,27,-10,13,-6,21,0.0,8.7,2,DTW
16,2019-01-17,-3,26,-8,18,-5,22,0.0,8.7,2,DTW
17,2019-01-18,-2,29,-9,17,-5,23,0.0,8.7,2,DTW
18,2019-01-19,-2,29,-10,13,-6,22,0.0,8.7,2,DTW
19,2019-01-20,-2,29,-7,20,-5,24,0.0,8.7,2,DTW
20,2019-01-21,-1,30,-8,18,-4,24,0.0,8.7,2,DTW
21,2019-01-22,-3,26,-10,15,-6,21,0.0,8.7,2,DTW
22,2019-01-23,-4,26,-9,17,-6,21,0.0,8.7,2,DTW
23,2019-01-24,-3,26,-9,16,-6,22,0.0,8.7,2,DTW
24,2019-01-25,-2,28,-7,20,-4,25,0.0,8.7,2,DTW
25,2019-01-26,-2,28,-7,19,-5,23,0.0,8.7,2,DTW
26,2019-01-27,-2,28,-7,20,-4,25,0.0,5.4,1,DTW
27,2019-01-28,-1,30,-8,17,-4,24,0.0,8.7,2,DTW
28,2019-01-29,-3,27,-8,18,-5,23,0.0,8.7,2,DTW
29,2019-01-30,-5,23,-7,19,-6,21,0.0,5.4,1,DTW
30,2019-01-31,-5,22,-10,14,-8,18,0.0,8.7,2,DTW
31,2019-02-01,-2,29,-9,16,-6,22,0.0,8.7,2,DTW
32,2019-02-02,0,33,-5,23,-2,28,0.0,8.7,2,DTW
33,2019-02-03,1,35,-7,20,-2,28,0.0,8.7,2,DTW
34,2019-02-04,-0,32,-6,22,-3,27,0.0,7.1,1,DTW
0,2019-01-01,-9,15,-17,1,-13,8,0.0,8.7,2,PHIL
1,2019-01-02,-12,11,-16,3,-13,8,0.4,7.0,1,PHIL
2,2019-01-03,-13,9,-20,-5,-17,1,0.0,8.7,2,PHIL
3,2019-01-04,-13,9,-20,-4,-16,3,0.0,7.0,1,PHIL
4,2019-01-05,-11,12,-18,0,-15,6,0.5,8.7,1,PHIL
5,2019-01-06,-13,8,-20,-4,-16,4,0.3,8.7,1,PHIL
6,2019-01-07,-15,5,-23,-9,-19,-2,0.0,8.7,2,PHIL
7,2019-01-08,-11,13,-19,-3,-14,7,0.6,8.7,1,PHIL
8,2019-01-09,-13,9,-20,-5,-17,1,0.0,8.7,2,PHIL
9,2019-01-10,-12,11,-20,-4,-16,4,0.0,8.7,2,PHIL
10,2019-01-11,-10,13,-16,2,-14,7,0.8,8.7,1,PHIL
11,2019-01-12,-15,5,-20,-4,-17,1,1.7,7.0,1,PHIL
12,2019-01-13,-14,6,-22,-7,-19,-2,0.0,8.7,1,PHIL
13,2019-01-14,-13,9,-22,-8,-17,1,0.0,7.0,1,PHIL
14,2019-01-15,-10,15,-16,3,-12,10,1.1,8.7,1,PHIL
15,2019-01-16,-10,15,-15,4,-12,11,1.6,7.0,1,PHIL
16,2019-01-17,-11,11,-21,-5,-17,2,0.0,9.8,2,PHIL
17,2019-01-18,-9,15,-20,-5,-15,6,0.0,9.8,1,PHIL
18,2019-01-19,-8,17,-17,1,-12,11,0.0,9.9,1,PHIL
19,2019-01-20,-15,4,-20,-4,-18,-0,0.6,4.9,1,PHIL
20,2019-01-21,-12,10,-22,-8,-17,1,0.1,9.9,1,PHIL
21,2019-01-22,-14,7,-19,-3,-17,2,0.2,9.9,1,PHIL
22,2019-01-23,-11,12,-21,-6,-16,2,0.0,9.9,1,PHIL
23,2019-01-24,-13,9,-20,-3,-17,2,1.0,8.3,1,PHIL
24,2019-01-25,-15,5,-23,-9,-19,-2,0.0,10.0,1,PHIL
25,2019-01-26,-16,3,-23,-9,-20,-3,0.2,9.9,1,PHIL
26,2019-01-27,-15,5,-24,-11,-20,-4,0.0,10.0,2,PHIL
27,2019-01-28,-14,8,-23,-10,-19,-2,0.0,10.0,2,PHIL
28,2019-01-29,-12,11,-22,-7,-17,1,0.0,10.0,2,PHIL
29,2019-01-30,-15,6,-20,-4,-17,1,0.2,8.3,1,PHIL
30,2019-01-31,-9,17,-18,-1,-12,10,0.3,8.3,1,PHIL
31,2019-02-01,-11,12,-18,-1,-15,5,0.0,10.1,1,PHIL
32,2019-02-02,-12,10,-21,-5,-17,2,0.0,10.0,1,PHIL
33,2019-02-03,-10,15,-20,-3,-15,6,0.0,10.1,2,PHIL
34,2019-02-04,-8,18,-18,0,-12,11,0.8,10.0,1,PHIL
0,2019-01-01,-0,32,-5,22,-3,27,0.0,7.0,1,DCA
1,2019-01-02,-1,30,-4,25,-2,28,0.0,5.2,1,DCA
2,2019-01-03,2,35,-2,28,-1,31,0.0,7.0,1,DCA
3,2019-01-04,-1,29,-4,26,-3,27,0.0,8.7,2,DCA
4,2019-01-05,-1,31,-4,26,-2,28,0.0,8.7,1,DCA
5,2019-01-06,-0,32,-3,26,-2,29,0.0,8.7,2,DCA
6,2019-01-07,-2,29,-5,23,-4,25,0.0,8.7,2,DCA
7,2019-01-08,-3,26,-7,20,-5,23,0.0,8.7,2,DCA
8,2019-01-09,0,33,-5,24,-3,27,0.0,8.7,2,DCA
9,2019-01-10,-0,31,-4,24,-3,28,0.0,8.7,2,DCA
10,2019-01-11,-0,31,-4,25,-2,28,0.0,8.7,2,DCA
11,2019-01-12,1,33,-4,24,-2,28,0.0,8.7,2,DCA
12,2019-01-13,1,34,-3,27,-1,30,0.0,3.5,1,DCA
13,2019-01-14,1,34,-3,26,-1,30,0.0,8.7,2,DCA
14,2019-01-15,-1,31,-5,24,-3,27,0.0,8.7,2,DCA
15,2019-01-16,-1,31,-6,22,-3,26,0.0,8.7,2,DCA
16,2019-01-17,3,37,-2,29,0,32,0.0,8.7,2,DCA
17,2019-01-18,2,35,-3,27,-1,30,0.0,8.7,2,DCA
18,2019-01-19,2,35,-2,28,-1,31,0.0,8.7,2,DCA
19,2019-01-20,0,32,-4,26,-2,29,0.1,5.3,1,DCA
20,2019-01-21,-1,31,-4,24,-2,28,0.0,9.9,2,DCA
21,2019-01-22,0,32,-3,27,-2,29,0.0,10.0,2,DCA
22,2019-01-23,0,32,-4,25,-2,29,0.0,10.0,2,DCA
23,2019-01-24,2,35,-3,27,-0,31,0.0,10.0,2,DCA
24,2019-01-25,1,34,-3,27,-1,31,0.0,10.0,1,DCA
25,2019-01-26,0,32,-3,26,-2,29,0.0,10.0,1,DCA
26,2019-01-27,2,35,-4,26,-1,31,0.0,10.0,2,DCA
27,2019-01-28,6,43,-2,28,2,35,0.0,10.1,2,DCA
28,2019-01-29,8,46,-1,30,3,37,0.0,10.1,2,DCA
29,2019-01-30,-1,30,-3,26,-2,28,0.0,10.1,2,DCA
30,2019-01-31,-1,30,-6,22,-4,25,0.0,10.5,2,DCA
31,2019-02-01,3,37,-4,26,-1,30,0.0,10.5,2,DCA
32,2019-02-02,2,36,-2,29,0,32,0.0,10.0,1,DCA
33,2019-02-03,4,38,-2,29,1,34,0.0,10.6,2,DCA
34,2019-02-04,5,42,-2,29,2,36,0.0,10.6,2,DCA
0,2019-01-01,5,40,2,36,4,38,0.0,3.9,1,MSP
1,2019-01-02,5,41,3,38,4,39,0.0,2.0,1,MSP
2,2019-01-03,9,47,4,40,6,44,0.0,2.0,2,MSP
3,2019-01-04,9,47,7,44,8,46,0.0,3.9,2,MSP
4,2019-01-05,9,47,6,43,8,46,0.0,2.1,2,MSP
5,2019-01-06,6,42,4,39,5,42,0.0,5.8,2,MSP
6,2019-01-07,4,38,3,37,3,38,0.3,5.8,1,MSP
7,2019-01-08,6,42,2,35,4,39,0.0,2.1,1,MSP
8,2019-01-09,9,48,5,42,7,45,0.0,2.1,2,MSP
9,2019-01-10,9,49,7,45,8,46,0.0,5.8,2,MSP
10,2019-01-11,9,48,7,45,8,47,0.0,2.1,2,MSP
11,2019-01-12,9,49,6,43,8,47,0.0,3.9,2,MSP
12,2019-01-13,9,47,7,44,8,46,0.0,5.8,3,MSP
13,2019-01-14,8,46,5,42,7,44,0.0,5.8,3,MSP
14,2019-01-15,7,45,4,40,6,43,0.0,5.8,3,MSP
15,2019-01-16,7,45,3,38,6,42,0.0,5.8,3,MSP
16,2019-01-17,9,48,5,40,6,44,0.0,4.0,2,MSP
17,2019-01-18,8,46,6,43,7,44,0.0,2.1,2,MSP
18,2019-01-19,8,46,6,43,7,44,0.0,5.8,2,MSP
19,2019-01-20,5,42,3,37,4,39,0.0,5.8,2,MSP
20,2019-01-21,5,41,2,35,3,38,0.0,4.0,1,MSP
21,2019-01-22,6,42,4,38,4,40,0.0,2.1,1,MSP
22,2019-01-23,6,43,4,39,5,41,0.0,5.8,3,MSP
23,2019-01-24,5,42,3,38,5,40,0.0,9.0,2,MSP
24,2019-01-25,6,43,3,37,5,41,0.0,9.4,2,MSP
25,2019-01-26,7,44,3,38,5,42,0.0,9.5,3,MSP
26,2019-01-27,7,44,4,39,6,42,0.0,9.5,3,MSP
27,2019-01-28,7,44,3,38,5,42,0.0,9.5,3,MSP
28,2019-01-29,7,44,3,37,5,42,0.0,9.6,3,MSP
29,2019-01-30,6,43,4,38,5,42,0.0,9.6,3,MSP
30,2019-01-31,7,45,3,38,5,42,0.0,6.5,2,MSP
31,2019-02-01,7,45,3,38,7,44,0.0,4.8,2,MSP
32,2019-02-02,5,41,4,38,4,40,0.0,9.7,1,MSP
33,2019-02-03,0,32,-3,26,-1,29,9.4,4.9,1,MSP
34,2019-02-04,-1,30,-8,18,-4,24,0.2,9.7,1,MSP
0,2019-01-01,-6,22,-13,9,-8,18,4.8,3.4,1,BOS
1,2019-01-02,-10,15,-14,8,-12,10,2.4,5.2,1,BOS
2,2019-01-03,-10,14,-17,2,-13,9,1.0,6.9,1,BOS
3,2019-01-04,-8,19,-14,8,-10,13,0.9,8.7,1,BOS
4,2019-01-05,-9,17,-13,9,-11,12,0.3,8.7,1,BOS
5,2019-01-06,-10,14,-15,6,-12,10,0.0,8.7,2,BOS
6,2019-01-07,-6,21,-13,9,-8,17,0.2,6.9,1,BOS
7,2019-01-08,-6,21,-10,14,-8,17,9.7,6.5,1,BOS
8,2019-01-09,-9,15,-17,2,-13,8,1.1,9.6,1,BOS
9,2019-01-10,-4,25,-12,10,-8,17,0.0,9.6,2,BOS
10,2019-01-11,-9,17,-14,7,-11,13,1.9,9.6,1,BOS
11,2019-01-12,-11,11,-18,-0,-15,5,0.3,9.6,2,BOS
12,2019-01-13,-7,20,-15,5,-11,12,0.0,9.6,2,BOS
13,2019-01-14,-3,26,-11,12,-6,21,0.1,9.6,1,BOS
14,2019-01-15,-4,26,-6,21,-5,24,30.0,6.5,1,BOS
15,2019-01-16,-9,17,-15,6,-12,11,0.0,9.7,2,BOS
16,2019-01-17,-6,21,-13,9,-10,15,0.0,9.7,2,BOS
17,2019-01-18,-2,29,-8,17,-4,25,2.4,8.2,1,BOS
18,2019-01-19,-4,25,-9,17,-6,21,1.3,9.7,1,BOS
19,2019-01-20,-2,29,-10,13,-5,22,0.1,8.2,1,BOS
20,2019-01-21,-12,11,-18,-1,-15,6,0.9,9.8,1,BOS
21,2019-01-22,-9,15,-17,2,-13,9,0.0,9.8,2,BOS
22,2019-01-23,-9,15,-17,2,-13,9,0.0,9.8,1,BOS
23,2019-01-24,-11,12,-18,1,-14,7,0.0,9.8,1,BOS
24,2019-01-25,-8,17,-16,3,-12,11,0.0,9.8,2,BOS
25,2019-01-26,-8,18,-14,7,-11,12,0.0,9.9,2,BOS
26,2019-01-27,-8,18,-15,4,-12,11,0.0,9.9,2,BOS
27,2019-01-28,-7,20,-12,10,-9,15,0.0,9.9,1,BOS
28,2019-01-29,-4,25,-10,13,-7,20,0.3,9.9,1,BOS
29,2019-01-30,-6,22,-13,10,-7,20,19.6,5.0,1,BOS
30,2019-01-31,-7,19,-13,8,-9,17,15.3,5.0,1,BOS
31,2019-02-01,-9,15,-18,-0,-13,8,0.0,10.0,2,BOS
32,2019-02-02,-9,16,-19,-2,-12,10,0.0,8.3,1,BOS
33,2019-02-03,-7,20,-12,11,-9,16,0.4,10.0,1,BOS
34,2019-02-04,-5,22,-11,12,-8,18,0.0,10.1,1,BOS
0,2019-01-01,20,68,9,48,16,60,0.0,8.7,5,MCO
1,2019-01-02,21,70,8,46,17,62,0.0,8.7,5,MCO
2,2019-01-03,20,67,6,42,13,55,0.0,8.7,4,MCO
3,2019-01-04,20,67,6,43,15,58,0.0,8.7,4,MCO
4,2019-01-05,20,68,9,49,16,60,0.0,8.7,5,MCO
5,2019-01-06,21,69,7,45,17,62,0.0,7.1,4,MCO
6,2019-01-07,19,66,7,45,15,58,0.0,8.7,3,MCO
7,2019-01-08,20,69,9,49,15,60,0.0,8.7,5,MCO
8,2019-01-09,21,69,8,46,15,58,0.0,8.7,4,MCO
9,2019-01-10,20,67,6,43,14,57,0.0,8.7,4,MCO
10,2019-01-11,20,68,6,42,13,56,0.0,8.7,4,MCO
11,2019-01-12,21,70,6,43,14,57,0.0,8.7,4,MCO
12,2019-01-13,22,71,6,42,15,59,0.0,8.7,4,MCO
13,2019-01-14,22,71,7,45,15,59,0.0,8.7,5,MCO
14,2019-01-15,22,71,10,49,16,61,0.0,8.7,5,MCO
15,2019-01-16,21,70,11,52,17,62,0.0,8.7,5,MCO
16,2019-01-17,23,73,10,51,17,63,0.0,8.7,5,MCO
17,2019-01-18,22,72,7,44,15,59,0.0,8.7,5,MCO
18,2019-01-19,22,72,6,43,18,65,0.0,8.7,5,MCO
19,2019-01-20,22,72,11,52,17,63,0.0,7.1,4,MCO
20,2019-01-21,24,75,11,52,18,65,0.0,8.7,4,MCO
21,2019-01-22,14,58,10,51,13,55,0.0,8.7,3,MCO
22,2019-01-23,18,64,10,49,15,58,0.0,7.1,3,MCO
23,2019-01-24,21,70,8,46,16,60,0.0,8.7,4,MCO
24,2019-01-25,18,64,9,49,14,57,0.0,7.1,3,MCO
25,2019-01-26,19,67,5,41,13,56,0.0,8.7,3,MCO
26,2019-01-27,20,68,4,39,15,58,0.0,8.7,3,MCO
27,2019-01-28,20,68,7,44,14,58,0.0,8.7,4,MCO
28,2019-01-29,19,66,5,41,13,56,0.0,8.7,4,MCO
29,2019-01-30,21,69,8,47,16,60,0.0,8.7,5,MCO
30,2019-01-31,21,69,10,50,17,62,0.0,7.1,4,MCO
31,2019-02-01,23,73,12,53,18,65,0.0,8.7,5,MCO
32,2019-02-02,23,74,10,50,18,65,0.0,10.9,5,MCO
33,2019-02-03,23,73,11,51,19,66,0.0,10.9,5,MCO
34,2019-02-04,24,75,11,51,18,65,0.0,11.0,5,MCO
