dep_time,distance,actual_elapsed_time,flight_class_distance,flight_class_time,hour,minute,second
00:24:00,3711.0,391.0,long,long,00,24,00
00:09:00,3043.0,349.0,long,medium,00,09,00
00:41:00,3711.0,400.0,long,long,00,41,00
02:56:00,3302.0,379.0,long,long,02,56,00
03:15:00,3711.0,409.0,long,long,03,15,00
06:59:00,3801.0,407.0,long,long,06,59,00
06:48:00,3801.0,430.0,long,long,06,48,00
06:55:00,3801.0,432.0,long,long,06,55,00
06:45:00,3043.0,363.0,long,long,06,45,00
06:33:00,3801.0,449.0,long,long,06,33,00
06:36:00,3801.0,430.0,long,long,06,36,00
06:32:00,3801.0,432.0,long,long,06,32,00
06:44:00,3801.0,447.0,long,long,06,44,00
06:50:00,3801.0,421.0,long,long,06,50,00
07:37:00,3801.0,408.0,long,long,07,37,00
07:09:00,3801.0,439.0,long,long,07,09,00
07:07:00,3801.0,450.0,long,long,07,07,00
07:00:00,3801.0,440.0,long,long,07,00,00
07:52:00,3801.0,424.0,long,long,07,52,00
07:58:00,4962.0,668.0,long,long,07,58,00
07:42:00,3801.0,403.0,long,long,07,42,00
07:58:00,4962.0,629.0,long,long,07,58,00
07:55:00,4962.0,648.0,long,long,07,55,00
07:54:00,3801.0,409.0,long,long,07,54,00
07:06:00,3801.0,436.0,long,long,07,06,00
07:46:00,3801.0,406.0,long,long,07,46,00
07:48:00,3801.0,416.0,long,long,07,48,00
07:27:00,3801.0,430.0,long,long,07,27,00
07:00:00,3801.0,440.0,long,long,07,00,00
07:32:00,3801.0,426.0,long,long,07,32,00
07:52:00,4962.0,614.0,long,long,07,52,00
07:41:00,3801.0,419.0,long,long,07,41,00
07:20:00,3801.0,412.0,long,long,07,20,00
07:48:00,3801.0,402.0,long,long,07,48,00
07:33:00,3801.0,426.0,long,long,07,33,00
07:48:00,4962.0,655.0,long,long,07,48,00
07:43:00,3801.0,431.0,long,long,07,43,00
07:42:00,3801.0,418.0,long,long,07,42,00
07:51:00,3801.0,415.0,long,long,07,51,00
07:05:00,3801.0,427.0,long,long,07,05,00
08:51:00,4817.0,624.0,long,long,08,51,00
08:42:00,4817.0,605.0,long,long,08,42,00
08:40:00,4817.0,651.0,long,long,08,40,00
08:00:00,4962.0,634.0,long,long,08,00,00
08:34:00,4817.0,602.0,long,long,08,34,00
08:26:00,4962.0,632.0,long,long,08,26,00
08:12:00,4962.0,652.0,long,long,08,12,00
08:18:00,4962.0,639.0,long,long,08,18,00
08:29:00,4962.0,641.0,long,long,08,29,00
08:38:00,4962.0,629.0,long,long,08,38,00
08:37:00,4962.0,684.0,long,long,08,37,00
08:41:00,4962.0,652.0,long,long,08,41,00
08:28:00,4817.0,600.0,long,long,08,28,00
08:40:00,4962.0,680.0,long,long,08,40,00
08:36:00,4962.0,624.0,long,long,08,36,00
08:37:00,4962.0,737.0,long,long,08,37,00
08:48:00,4962.0,700.0,long,long,08,48,00
08:28:00,4962.0,636.0,long,long,08,28,00
08:45:00,4962.0,666.0,long,long,08,45,00
08:33:00,4817.0,601.0,long,long,08,33,00
08:35:00,4817.0,632.0,long,long,08,35,00
08:47:00,4817.0,649.0,long,long,08,47,00
08:30:00,4962.0,623.0,long,long,08,30,00
08:45:00,4817.0,624.0,long,long,08,45,00
08:27:00,4962.0,690.0,long,long,08,27,00
08:52:00,4817.0,612.0,long,long,08,52,00
08:52:00,4817.0,640.0,long,long,08,52,00
08:26:00,4962.0,651.0,long,long,08,26,00
08:56:00,4817.0,629.0,long,long,08,56,00
08:54:00,4962.0,632.0,long,long,08,54,00
08:37:00,4962.0,646.0,long,long,08,37,00
08:38:00,4962.0,681.0,long,long,08,38,00
08:25:00,4962.0,614.0,long,long,08,25,00
08:39:00,4962.0,694.0,long,long,08,39,00
08:34:00,4817.0,638.0,long,long,08,34,00
08:47:00,4817.0,637.0,long,long,08,47,00
08:38:00,4962.0,631.0,long,long,08,38,00
08:33:00,4962.0,687.0,long,long,08,33,00
08:09:00,4962.0,633.0,long,long,08,09,00
08:36:00,4817.0,614.0,long,long,08,36,00
08:27:00,4962.0,609.0,long,long,08,27,00
08:28:00,4962.0,676.0,long,long,08,28,00
08:41:00,4962.0,675.0,long,long,08,41,00
08:46:00,4817.0,646.0,long,long,08,46,00
08:08:00,4962.0,696.0,long,long,08,08,00
08:42:00,4817.0,623.0,long,long,08,42,00
08:23:00,4962.0,672.0,long,long,08,23,00
08:37:00,4817.0,628.0,long,long,08,37,00
08:28:00,4962.0,685.0,long,long,08,28,00
08:37:00,4962.0,662.0,long,long,08,37,00
08:40:00,4962.0,640.0,long,long,08,40,00
08:21:00,4962.0,654.0,long,long,08,21,00
08:28:00,4962.0,675.0,long,long,08,28,00
08:39:00,4817.0,644.0,long,long,08,39,00
08:27:00,4962.0,657.0,long,long,08,27,00
08:27:00,4962.0,614.0,long,long,08,27,00
08:58:00,3784.0,518.0,long,long,08,58,00
08:25:00,4962.0,669.0,long,long,08,25,00
08:00:00,3801.0,420.0,long,long,08,00,00
08:24:00,4962.0,666.0,long,long,08,24,00
08:40:00,4817.0,645.0,long,long,08,40,00
09:26:00,3365.0,423.0,long,long,09,26,00
09:13:00,3784.0,490.0,long,long,09,13,00
09:43:00,3302.0,432.0,long,long,09,43,00
09:12:00,3784.0,533.0,long,long,09,12,00
09:46:00,3365.0,439.0,long,long,09,46,00
09:13:00,3784.0,519.0,long,long,09,13,00
09:46:00,3414.0,453.0,long,long,09,46,00
09:58:00,4983.0,672.0,long,long,09,58,00
09:23:00,3784.0,518.0,long,long,09,23,00
09:59:00,4983.0,634.0,long,long,09,59,00
09:54:00,3302.0,432.0,long,long,09,54,00
09:08:00,4475.0,567.0,long,long,09,08,00
09:53:00,3904.0,519.0,long,long,09,53,00
09:59:00,4983.0,659.0,long,long,09,59,00
09:54:00,4983.0,698.0,long,long,09,54,00
09:10:00,3784.0,501.0,long,long,09,10,00
09:57:00,4983.0,717.0,long,long,09,57,00
09:34:00,3414.0,459.0,long,long,09,34,00
09:52:00,3302.0,463.0,long,long,09,52,00
09:16:00,5095.0,669.0,long,long,09,16,00
09:15:00,3784.0,497.0,long,long,09,15,00
09:30:00,3784.0,495.0,long,long,09,30,00
09:59:00,4243.0,568.0,long,long,09,59,00
09:54:00,4983.0,656.0,long,long,09,54,00
09:52:00,4983.0,634.0,long,long,09,52,00
09:15:00,5095.0,621.0,long,long,09,15,00
09:40:00,3365.0,418.0,long,long,09,40,00
09:55:00,4983.0,676.0,long,long,09,55,00
09:34:00,3711.0,570.0,long,long,09,34,00
09:29:00,3414.0,463.0,long,long,09,29,00
09:58:00,3365.0,435.0,long,long,09,58,00
09:58:00,3904.0,503.0,long,long,09,58,00
09:13:00,5095.0,648.0,long,long,09,13,00
09:57:00,4983.0,625.0,long,long,09,57,00
09:30:00,3414.0,460.0,long,long,09,30,00
09:07:00,3711.0,455.0,long,long,09,07,00
09:59:00,3329.0,508.0,long,long,09,59,00
09:33:00,3784.0,500.0,long,long,09,33,00
09:20:00,3784.0,490.0,long,long,09,20,00
09:48:00,3329.0,422.0,long,long,09,48,00
09:34:00,3784.0,482.0,long,long,09,34,00
09:55:00,4983.0,691.0,long,long,09,55,00
09:45:00,3904.0,496.0,long,long,09,45,00
09:47:00,3904.0,502.0,long,long,09,47,00
09:10:00,3784.0,497.0,long,long,09,10,00
09:58:00,4983.0,712.0,long,long,09,58,00
09:55:00,3370.0,475.0,long,long,09,55,00
09:47:00,4962.0,613.0,long,long,09,47,00
09:15:00,3784.0,488.0,long,long,09,15,00
09:02:00,3711.0,473.0,long,long,09,02,00
09:28:00,3784.0,486.0,long,long,09,28,00
09:51:00,4983.0,685.0,long,long,09,51,00
09:12:00,3784.0,471.0,long,long,09,12,00
09:46:00,3904.0,494.0,long,long,09,46,00
09:36:00,4243.0,558.0,long,long,09,36,00
09:18:00,4817.0,589.0,long,long,09,18,00
09:25:00,4962.0,626.0,long,long,09,25,00
09:05:00,3784.0,504.0,long,long,09,05,00
09:33:00,3414.0,465.0,long,long,09,33,00
09:12:00,3711.0,455.0,long,long,09,12,00
09:31:00,3414.0,440.0,long,long,09,31,00
09:17:00,5095.0,705.0,long,long,09,17,00
09:53:00,3365.0,406.0,long,long,09,53,00
09:48:00,3365.0,429.0,long,long,09,48,00
09:11:00,3784.0,493.0,long,long,09,11,00
09:14:00,3711.0,479.0,long,long,09,14,00
09:48:00,3904.0,528.0,long,long,09,48,00
09:53:00,4983.0,641.0,long,long,09,53,00
09:30:00,4243.0,541.0,long,long,09,30,00
09:05:00,3784.0,489.0,long,long,09,05,00
09:13:00,5095.0,698.0,long,long,09,13,00
09:47:00,3904.0,511.0,long,long,09,47,00
09:50:00,4983.0,640.0,long,long,09,50,00
09:54:00,4983.0,619.0,long,long,09,54,00
09:12:00,3784.0,483.0,long,long,09,12,00
09:55:00,3904.0,512.0,long,long,09,55,00
09:44:00,4184.0,548.0,long,long,09,44,00
09:02:00,3711.0,521.0,long,long,09,02,00
09:45:00,3904.0,515.0,long,long,09,45,00
09:56:00,3904.0,503.0,long,long,09,56,00
09:07:00,3784.0,511.0,long,long,09,07,00
09:55:00,4983.0,635.0,long,long,09,55,00
09:42:00,3329.0,434.0,long,long,09,42,00
09:59:00,3365.0,457.0,long,long,09,59,00
09:29:00,3414.0,425.0,long,long,09,29,00
09:22:00,5095.0,659.0,long,long,09,22,00
09:01:00,3784.0,537.0,long,long,09,01,00
09:13:00,3784.0,497.0,long,long,09,13,00
09:58:00,3414.0,458.0,long,long,09,58,00
09:51:00,4983.0,673.0,long,long,09,51,00
09:49:00,4983.0,671.0,long,long,09,49,00
09:54:00,3711.0,505.0,long,long,09,54,00
09:32:00,3414.0,474.0,long,long,09,32,00
09:56:00,4243.0,568.0,long,long,09,56,00
09:53:00,3904.0,518.0,long,long,09,53,00
09:09:00,4962.0,671.0,long,long,09,09,00
09:50:00,3302.0,436.0,long,long,09,50,00
09:36:00,3414.0,451.0,long,long,09,36,00
09:20:00,3784.0,512.0,long,long,09,20,00
09:27:00,3414.0,463.0,long,long,09,27,00
09:35:00,5095.0,669.0,long,long,09,35,00
09:42:00,3302.0,411.0,long,long,09,42,00
09:10:00,3784.0,494.0,long,long,09,10,00
09:39:00,3414.0,447.0,long,long,09,39,00
09:57:00,3904.0,514.0,long,long,09,57,00
09:15:00,3784.0,475.0,long,long,09,15,00
09:09:00,3711.0,474.0,long,long,09,09,00
09:55:00,4983.0,679.0,long,long,09,55,00
09:10:00,3711.0,523.0,long,long,09,10,00
09:34:00,3784.0,508.0,long,long,09,34,00
09:52:00,3904.0,515.0,long,long,09,52,00
09:27:00,3365.0,431.0,long,long,09,27,00
09:57:00,4983.0,645.0,long,long,09,57,00
09:53:00,4983.0,681.0,long,long,09,53,00
09:34:00,3365.0,436.0,long,long,09,34,00
09:47:00,3711.0,513.0,long,long,09,47,00
09:29:00,3784.0,502.0,long,long,09,29,00
09:12:00,3784.0,517.0,long,long,09,12,00
09:55:00,3904.0,502.0,long,long,09,55,00
09:54:00,4983.0,720.0,long,long,09,54,00
09:40:00,3302.0,422.0,long,long,09,40,00
09:58:00,4983.0,651.0,long,long,09,58,00
09:52:00,3904.0,509.0,long,long,09,52,00
09:07:00,3711.0,503.0,long,long,09,07,00
09:39:00,3365.0,423.0,long,long,09,39,00
09:57:00,4983.0,653.0,long,long,09,57,00
09:55:00,4983.0,688.0,long,long,09,55,00
09:58:00,4983.0,645.0,long,long,09,58,00
09:05:00,3784.0,484.0,long,long,09,05,00
09:22:00,3711.0,537.0,long,long,09,22,00
09:57:00,4983.0,633.0,long,long,09,57,00
09:55:00,4983.0,660.0,long,long,09,55,00
09:58:00,4983.0,674.0,long,long,09,58,00
09:45:00,3329.0,461.0,long,long,09,45,00
09:20:00,5095.0,628.0,long,long,09,20,00
09:20:00,3784.0,508.0,long,long,09,20,00
09:13:00,3784.0,497.0,long,long,09,13,00
09:42:00,3904.0,512.0,long,long,09,42,00
09:40:00,3904.0,532.0,long,long,09,40,00
09:32:00,3414.0,446.0,long,long,09,32,00
09:59:00,3302.0,406.0,long,long,09,59,00
09:16:00,3711.0,491.0,long,long,09,16,00
09:34:00,3414.0,450.0,long,long,09,34,00
09:11:00,3711.0,506.0,long,long,09,11,00
09:48:00,3329.0,445.0,long,long,09,48,00
09:52:00,3365.0,442.0,long,long,09,52,00
09:47:00,3302.0,409.0,long,long,09,47,00
09:50:00,3784.0,537.0,long,long,09,50,00
09:09:00,3784.0,496.0,long,long,09,09,00
09:09:00,3784.0,478.0,long,long,09,09,00
09:12:00,3784.0,476.0,long,long,09,12,00
09:22:00,3711.0,508.0,long,long,09,22,00
09:56:00,4983.0,650.0,long,long,09,56,00
09:42:00,3302.0,415.0,long,long,09,42,00
09:59:00,4983.0,645.0,long,long,09,59,00
09:03:00,3784.0,494.0,long,long,09,03,00
09:41:00,3365.0,437.0,long,long,09,41,00
09:51:00,4983.0,668.0,long,long,09,51,00
09:54:00,3904.0,512.0,long,long,09,54,00
09:27:00,3784.0,493.0,long,long,09,27,00
09:30:00,4243.0,532.0,long,long,09,30,00
09:57:00,4983.0,663.0,long,long,09,57,00
09:52:00,3904.0,517.0,long,long,09,52,00
09:51:00,4983.0,657.0,long,long,09,51,00
09:40:00,3784.0,474.0,long,long,09,40,00
09:25:00,3784.0,465.0,long,long,09,25,00
09:32:00,3365.0,425.0,long,long,09,32,00
09:59:00,4983.0,674.0,long,long,09,59,00
09:34:00,4817.0,678.0,long,long,09,34,00
09:40:00,3329.0,411.0,long,long,09,40,00
09:59:00,4983.0,664.0,long,long,09,59,00
09:34:00,3904.0,569.0,long,long,09,34,00
09:48:00,3904.0,507.0,long,long,09,48,00
09:40:00,3904.0,541.0,long,long,09,40,00
09:52:00,4983.0,660.0,long,long,09,52,00
09:56:00,4983.0,656.0,long,long,09,56,00
09:22:00,3365.0,418.0,long,long,09,22,00
09:18:00,3711.0,465.0,long,long,09,18,00
09:39:00,3365.0,443.0,long,long,09,39,00
09:53:00,3904.0,533.0,long,long,09,53,00
09:29:00,4962.0,604.0,long,long,09,29,00
09:54:00,4983.0,662.0,long,long,09,54,00
09:13:00,4817.0,643.0,long,long,09,13,00
09:55:00,3904.0,499.0,long,long,09,55,00
09:10:00,3711.0,484.0,long,long,09,10,00
09:12:00,3784.0,506.0,long,long,09,12,00
09:04:00,3711.0,466.0,long,long,09,04,00
09:15:00,3784.0,475.0,long,long,09,15,00
09:56:00,3329.0,430.0,long,long,09,56,00
09:17:00,3784.0,518.0,long,long,09,17,00
09:50:00,3302.0,421.0,long,long,09,50,00
09:17:00,3784.0,529.0,long,long,09,17,00
09:52:00,3302.0,447.0,long,long,09,52,00
09:43:00,3414.0,448.0,long,long,09,43,00
09:48:00,3414.0,430.0,long,long,09,48,00
09:25:00,3711.0,467.0,long,long,09,25,00
09:38:00,3302.0,392.0,long,long,09,38,00
09:59:00,3302.0,428.0,long,long,09,59,00
09:53:00,3365.0,444.0,long,long,09,53,00
09:53:00,4983.0,676.0,long,long,09,53,00
09:44:00,3302.0,426.0,long,long,09,44,00
09:18:00,3784.0,493.0,long,long,09,18,00
09:56:00,4983.0,632.0,long,long,09,56,00
09:11:00,3711.0,477.0,long,long,09,11,00
09:23:00,3784.0,525.0,long,long,09,23,00
09:29:00,4817.0,590.0,long,long,09,29,00
09:25:00,3365.0,425.0,long,long,09,25,00
09:48:00,3904.0,529.0,long,long,09,48,00
09:45:00,3329.0,445.0,long,long,09,45,00
10:27:00,4184.0,510.0,long,long,10,27,00
10:58:00,4502.0,570.0,long,long,10,58,00
10:09:00,4243.0,527.0,long,long,10,09,00
10:03:00,3365.0,442.0,long,long,10,03,00
10:12:00,4243.0,543.0,long,long,10,12,00
10:53:00,4502.0,588.0,long,long,10,53,00
10:52:00,4502.0,558.0,long,long,10,52,00
10:57:00,3711.0,503.0,long,long,10,57,00
10:59:00,4502.0,577.0,long,long,10,59,00
10:16:00,4243.0,572.0,long,long,10,16,00
10:07:00,4243.0,553.0,long,long,10,07,00
10:07:00,4243.0,538.0,long,long,10,07,00
10:08:00,4243.0,527.0,long,long,10,08,00
10:56:00,4502.0,603.0,long,long,10,56,00
10:08:00,4243.0,537.0,long,long,10,08,00
10:29:00,3904.0,501.0,long,long,10,29,00
10:15:00,3302.0,450.0,long,long,10,15,00
10:31:00,4502.0,573.0,long,long,10,31,00
10:53:00,3711.0,465.0,long,long,10,53,00
10:30:00,4184.0,508.0,long,long,10,30,00
10:08:00,4243.0,529.0,long,long,10,08,00
10:08:00,4243.0,532.0,long,long,10,08,00
10:57:00,3711.0,464.0,long,long,10,57,00
10:19:00,3904.0,475.0,long,long,10,19,00
10:16:00,4184.0,537.0,long,long,10,16,00
10:10:00,4243.0,565.0,long,long,10,10,00
10:06:00,4983.0,701.0,long,long,10,06,00
10:11:00,4243.0,566.0,long,long,10,11,00
10:50:00,4502.0,579.0,long,long,10,50,00
10:55:00,4502.0,590.0,long,long,10,55,00
10:15:00,4184.0,526.0,long,long,10,15,00
10:12:00,4983.0,647.0,long,long,10,12,00
10:31:00,4502.0,534.0,long,long,10,31,00
10:03:00,4184.0,560.0,long,long,10,03,00
10:58:00,3711.0,484.0,long,long,10,58,00
10:19:00,4243.0,565.0,long,long,10,19,00
10:52:00,3784.0,530.0,long,long,10,52,00
10:01:00,3365.0,438.0,long,long,10,01,00
10:02:00,4243.0,572.0,long,long,10,02,00
10:59:00,3711.0,491.0,long,long,10,59,00
10:53:00,4502.0,558.0,long,long,10,53,00
10:55:00,4502.0,557.0,long,long,10,55,00
10:18:00,4184.0,550.0,long,long,10,18,00
10:07:00,4983.0,679.0,long,long,10,07,00
10:14:00,4243.0,557.0,long,long,10,14,00
10:15:00,4184.0,535.0,long,long,10,15,00
10:05:00,4243.0,564.0,long,long,10,05,00
10:55:00,4502.0,652.0,long,long,10,55,00
10:40:00,4502.0,582.0,long,long,10,40,00
10:00:00,4983.0,664.0,long,long,10,00,00
10:53:00,4502.0,554.0,long,long,10,53,00
10:21:00,4243.0,545.0,long,long,10,21,00
10:17:00,4243.0,541.0,long,long,10,17,00
10:20:00,4184.0,554.0,long,long,10,20,00
10:16:00,4243.0,557.0,long,long,10,16,00
10:49:00,3784.0,497.0,long,long,10,49,00
10:02:00,4983.0,621.0,long,long,10,02,00
10:39:00,4243.0,555.0,long,long,10,39,00
10:54:00,4502.0,540.0,long,long,10,54,00
10:10:00,3711.0,485.0,long,long,10,10,00
10:21:00,4243.0,581.0,long,long,10,21,00
10:18:00,4184.0,565.0,long,long,10,18,00
10:30:00,4243.0,533.0,long,long,10,30,00
10:05:00,3365.0,429.0,long,long,10,05,00
10:34:00,4502.0,548.0,long,long,10,34,00
10:00:00,3711.0,488.0,long,long,10,00,00
10:20:00,4983.0,636.0,long,long,10,20,00
10:54:00,4502.0,592.0,long,long,10,54,00
10:52:00,4502.0,611.0,long,long,10,52,00
10:53:00,4502.0,547.0,long,long,10,53,00
10:02:00,4983.0,654.0,long,long,10,02,00
10:02:00,3904.0,492.0,long,long,10,02,00
10:43:00,4502.0,567.0,long,long,10,43,00
10:02:00,3904.0,472.0,long,long,10,02,00
10:16:00,4243.0,551.0,long,long,10,16,00
10:57:00,4502.0,634.0,long,long,10,57,00
10:57:00,4502.0,597.0,long,long,10,57,00
10:58:00,3365.0,421.0,long,long,10,58,00
10:46:00,3724.0,566.0,long,long,10,46,00
10:19:00,4243.0,523.0,long,long,10,19,00
10:09:00,4243.0,565.0,long,long,10,09,00
10:01:00,4243.0,587.0,long,long,10,01,00
10:20:00,4243.0,532.0,long,long,10,20,00
10:53:00,4502.0,566.0,long,long,10,53,00
10:52:00,4502.0,607.0,long,long,10,52,00
10:20:00,3365.0,453.0,long,long,10,20,00
10:36:00,4502.0,584.0,long,long,10,36,00
10:54:00,4502.0,588.0,long,long,10,54,00
10:07:00,4243.0,605.0,long,long,10,07,00
10:08:00,4243.0,557.0,long,long,10,08,00
10:10:00,4243.0,576.0,long,long,10,10,00
10:15:00,4243.0,572.0,long,long,10,15,00
10:20:00,4184.0,568.0,long,long,10,20,00
10:16:00,3904.0,485.0,long,long,10,16,00
10:01:00,3904.0,475.0,long,long,10,01,00
10:11:00,3904.0,491.0,long,long,10,11,00
10:45:00,3904.0,484.0,long,long,10,45,00
10:48:00,3724.0,516.0,long,long,10,48,00
10:19:00,4243.0,552.0,long,long,10,19,00
10:03:00,4983.0,680.0,long,long,10,03,00
10:57:00,4502.0,612.0,long,long,10,57,00
10:38:00,3365.0,380.0,long,long,10,38,00
10:17:00,4243.0,548.0,long,long,10,17,00
10:58:00,4502.0,564.0,long,long,10,58,00
10:05:00,3302.0,429.0,long,long,10,05,00
10:20:00,4184.0,543.0,long,long,10,20,00
10:55:00,3784.0,498.0,long,long,10,55,00
10:22:00,4184.0,556.0,long,long,10,22,00
10:15:00,4184.0,528.0,long,long,10,15,00
10:28:00,4983.0,674.0,long,long,10,28,00
10:22:00,4184.0,544.0,long,long,10,22,00
10:08:00,4983.0,689.0,long,long,10,08,00
10:16:00,4184.0,518.0,long,long,10,16,00
10:17:00,3784.0,485.0,long,long,10,17,00
10:20:00,4184.0,537.0,long,long,10,20,00
10:35:00,4502.0,559.0,long,long,10,35,00
10:00:00,4983.0,651.0,long,long,10,00,00
10:16:00,3904.0,476.0,long,long,10,16,00
10:07:00,4243.0,564.0,long,long,10,07,00
10:41:00,4243.0,555.0,long,long,10,41,00
10:35:00,4184.0,548.0,long,long,10,35,00
10:59:00,3724.0,505.0,long,long,10,59,00
10:19:00,4184.0,554.0,long,long,10,19,00
10:10:00,4243.0,541.0,long,long,10,10,00
10:28:00,4184.0,520.0,long,long,10,28,00
10:51:00,3784.0,529.0,long,long,10,51,00
10:19:00,4184.0,577.0,long,long,10,19,00
10:04:00,4983.0,652.0,long,long,10,04,00
10:10:00,3414.0,449.0,long,long,10,10,00
10:07:00,4184.0,625.0,long,long,10,07,00
10:25:00,4502.0,568.0,long,long,10,25,00
10:08:00,4243.0,567.0,long,long,10,08,00
10:58:00,4502.0,597.0,long,long,10,58,00
10:56:00,4502.0,593.0,long,long,10,56,00
10:14:00,4184.0,546.0,long,long,10,14,00
10:26:00,4243.0,563.0,long,long,10,26,00
10:02:00,3365.0,415.0,long,long,10,02,00
10:43:00,4983.0,665.0,long,long,10,43,00
10:05:00,3329.0,435.0,long,long,10,05,00
10:17:00,3904.0,478.0,long,long,10,17,00
10:40:00,4502.0,563.0,long,long,10,40,00
10:02:00,4983.0,623.0,long,long,10,02,00
10:36:00,4243.0,547.0,long,long,10,36,00
10:53:00,4502.0,540.0,long,long,10,53,00
10:57:00,4243.0,530.0,long,long,10,57,00
10:16:00,4817.0,621.0,long,long,10,16,00
10:01:00,4243.0,540.0,long,long,10,01,00
10:14:00,4243.0,568.0,long,long,10,14,00
10:53:00,4502.0,640.0,long,long,10,53,00
10:40:00,4184.0,533.0,long,long,10,40,00
10:05:00,3904.0,475.0,long,long,10,05,00
10:08:00,3904.0,551.0,long,long,10,08,00
10:39:00,4243.0,541.0,long,long,10,39,00
10:15:00,4243.0,530.0,long,long,10,15,00
10:06:00,3784.0,447.0,long,long,10,06,00
10:46:00,4243.0,547.0,long,long,10,46,00
10:31:00,4502.0,600.0,long,long,10,31,00
10:51:00,3711.0,503.0,long,long,10,51,00
10:33:00,3724.0,497.0,long,long,10,33,00
10:06:00,4243.0,572.0,long,long,10,06,00
10:57:00,4502.0,631.0,long,long,10,57,00
10:07:00,4243.0,558.0,long,long,10,07,00
10:27:00,3414.0,430.0,long,long,10,27,00
10:24:00,4184.0,541.0,long,long,10,24,00
10:59:00,3711.0,471.0,long,long,10,59,00
10:17:00,3711.0,495.0,long,long,10,17,00
10:07:00,3365.0,432.0,long,long,10,07,00
10:34:00,4502.0,568.0,long,long,10,34,00
10:57:00,4983.0,651.0,long,long,10,57,00
11:35:00,3329.0,468.0,long,long,11,35,00
11:13:00,3972.0,497.0,long,long,11,13,00
11:27:00,3365.0,429.0,long,long,11,27,00
11:49:00,3043.0,387.0,long,long,11,49,00
11:35:00,3414.0,442.0,long,long,11,35,00
11:31:00,3365.0,444.0,long,long,11,31,00
11:34:00,3414.0,444.0,long,long,11,34,00
11:08:00,4502.0,598.0,long,long,11,08,00
11:00:00,3724.0,531.0,long,long,11,00,00
11:31:00,3302.0,477.0,long,long,11,31,00
11:45:00,3329.0,448.0,long,long,11,45,00
11:04:00,3784.0,514.0,long,long,11,04,00
11:01:00,4502.0,612.0,long,long,11,01,00
11:18:00,3784.0,475.0,long,long,11,18,00
11:12:00,3784.0,501.0,long,long,11,12,00
11:14:00,4184.0,548.0,long,long,11,14,00
11:35:00,3302.0,449.0,long,long,11,35,00
11:55:00,3302.0,439.0,long,long,11,55,00
11:31:00,3302.0,463.0,long,long,11,31,00
11:53:00,3302.0,449.0,long,long,11,53,00
11:21:00,3784.0,461.0,long,long,11,21,00
11:44:00,3302.0,464.0,long,long,11,44,00
11:17:00,3784.0,482.0,long,long,11,17,00
11:30:00,3302.0,477.0,long,long,11,30,00
11:55:00,3329.0,439.0,long,long,11,55,00
11:08:00,3724.0,464.0,long,long,11,08,00
11:30:00,3365.0,461.0,long,long,11,30,00
11:46:00,3414.0,457.0,long,long,11,46,00
11:16:00,3972.0,497.0,long,long,11,16,00
11:18:00,3711.0,471.0,long,long,11,18,00
11:20:00,3711.0,486.0,long,long,11,20,00
11:06:00,3972.0,495.0,long,long,11,06,00
11:26:00,3365.0,419.0,long,long,11,26,00
11:35:00,3302.0,447.0,long,long,11,35,00
11:54:00,3302.0,477.0,long,long,11,54,00
11:15:00,3724.0,462.0,long,long,11,15,00
11:35:00,3414.0,451.0,long,long,11,35,00
11:28:00,3302.0,446.0,long,long,11,28,00
11:19:00,3972.0,515.0,long,long,11,19,00
11:17:00,3711.0,486.0,long,long,11,17,00
11:17:00,3784.0,492.0,long,long,11,17,00
11:07:00,3784.0,492.0,long,long,11,07,00
11:07:00,3711.0,468.0,long,long,11,07,00
11:33:00,4184.0,547.0,long,long,11,33,00
11:35:00,3302.0,437.0,long,long,11,35,00
11:46:00,3365.0,426.0,long,long,11,46,00
11:04:00,4502.0,554.0,long,long,11,04,00
11:51:00,3414.0,461.0,long,long,11,51,00
11:09:00,3784.0,484.0,long,long,11,09,00
11:18:00,3972.0,496.0,long,long,11,18,00
11:14:00,3784.0,494.0,long,long,11,14,00
11:10:00,3784.0,575.0,long,long,11,10,00
11:12:00,3784.0,503.0,long,long,11,12,00
11:19:00,3972.0,537.0,long,long,11,19,00
11:39:00,3414.0,486.0,long,long,11,39,00
11:20:00,3784.0,504.0,long,long,11,20,00
11:47:00,3414.0,441.0,long,long,11,47,00
11:40:00,3414.0,444.0,long,long,11,40,00
11:20:00,3724.0,499.0,long,long,11,20,00
11:15:00,3784.0,499.0,long,long,11,15,00
11:11:00,3972.0,503.0,long,long,11,11,00
11:09:00,3711.0,514.0,long,long,11,09,00
11:32:00,3784.0,448.0,long,long,11,32,00
11:28:00,3711.0,555.0,long,long,11,28,00
11:37:00,3414.0,451.0,long,long,11,37,00
11:48:00,3784.0,477.0,long,long,11,48,00
11:14:00,3784.0,507.0,long,long,11,14,00
11:09:00,3711.0,486.0,long,long,11,09,00
11:13:00,3784.0,509.0,long,long,11,13,00
11:51:00,3784.0,490.0,long,long,11,51,00
11:15:00,3972.0,529.0,long,long,11,15,00
11:27:00,3711.0,512.0,long,long,11,27,00
11:43:00,3329.0,433.0,long,long,11,43,00
11:12:00,3784.0,462.0,long,long,11,12,00
11:54:00,3302.0,415.0,long,long,11,54,00
11:26:00,4184.0,544.0,long,long,11,26,00
11:00:00,4502.0,626.0,long,long,11,00,00
11:21:00,3711.0,471.0,long,long,11,21,00
11:53:00,3414.0,481.0,long,long,11,53,00
11:01:00,3724.0,490.0,long,long,11,01,00
11:21:00,3784.0,541.0,long,long,11,21,00
11:38:00,3414.0,455.0,long,long,11,38,00
11:16:00,3784.0,478.0,long,long,11,16,00
11:04:00,3784.0,491.0,long,long,11,04,00
11:42:00,3972.0,520.0,long,long,11,42,00
11:57:00,3329.0,443.0,long,long,11,57,00
11:02:00,3784.0,473.0,long,long,11,02,00
11:29:00,3972.0,525.0,long,long,11,29,00
11:10:00,3724.0,520.0,long,long,11,10,00
11:25:00,3724.0,455.0,long,long,11,25,00
11:21:00,3724.0,442.0,long,long,11,21,00
11:26:00,3784.0,500.0,long,long,11,26,00
11:17:00,3847.0,567.0,long,long,11,17,00
11:54:00,3329.0,438.0,long,long,11,54,00
11:12:00,3784.0,563.0,long,long,11,12,00
11:03:00,3724.0,515.0,long,long,11,03,00
11:34:00,3365.0,453.0,long,long,11,34,00
11:32:00,3302.0,456.0,long,long,11,32,00
11:54:00,3414.0,463.0,long,long,11,54,00
11:26:00,3365.0,421.0,long,long,11,26,00
11:24:00,3784.0,512.0,long,long,11,24,00
11:13:00,3972.0,531.0,long,long,11,13,00
11:22:00,3784.0,527.0,long,long,11,22,00
11:46:00,3365.0,404.0,long,long,11,46,00
11:01:00,3784.0,514.0,long,long,11,01,00
11:40:00,4962.0,669.0,long,long,11,40,00
11:57:00,3302.0,450.0,long,long,11,57,00
11:40:00,3784.0,551.0,long,long,11,40,00
11:35:00,3302.0,460.0,long,long,11,35,00
11:53:00,3329.0,462.0,long,long,11,53,00
11:13:00,3711.0,532.0,long,long,11,13,00
11:30:00,3365.0,428.0,long,long,11,30,00
11:16:00,3972.0,544.0,long,long,11,16,00
11:28:00,3365.0,436.0,long,long,11,28,00
11:27:00,3784.0,481.0,long,long,11,27,00
11:51:00,3302.0,494.0,long,long,11,51,00
11:07:00,3724.0,460.0,long,long,11,07,00
11:54:00,3365.0,523.0,long,long,11,54,00
11:20:00,3784.0,483.0,long,long,11,20,00
11:19:00,3972.0,492.0,long,long,11,19,00
11:09:00,3711.0,518.0,long,long,11,09,00
11:45:00,3414.0,495.0,long,long,11,45,00
11:12:00,3784.0,505.0,long,long,11,12,00
11:22:00,3784.0,468.0,long,long,11,22,00
11:24:00,3724.0,470.0,long,long,11,24,00
11:49:00,3414.0,457.0,long,long,11,49,00
11:10:00,3711.0,480.0,long,long,11,10,00
11:20:00,3972.0,537.0,long,long,11,20,00
11:14:00,3711.0,471.0,long,long,11,14,00
11:13:00,3784.0,458.0,long,long,11,13,00
11:17:00,3711.0,475.0,long,long,11,17,00
11:39:00,3711.0,466.0,long,long,11,39,00
11:43:00,3414.0,460.0,long,long,11,43,00
11:19:00,3711.0,466.0,long,long,11,19,00
11:20:00,3724.0,465.0,long,long,11,20,00
11:07:00,3711.0,459.0,long,long,11,07,00
11:47:00,3329.0,447.0,long,long,11,47,00
11:39:00,3329.0,431.0,long,long,11,39,00
11:42:00,3329.0,449.0,long,long,11,42,00
11:38:00,3414.0,438.0,long,long,11,38,00
11:23:00,3784.0,504.0,long,long,11,23,00
11:04:00,3711.0,473.0,long,long,11,04,00
11:29:00,3365.0,458.0,long,long,11,29,00
11:09:00,3711.0,499.0,long,long,11,09,00
11:36:00,3784.0,494.0,long,long,11,36,00
11:36:00,3329.0,428.0,long,long,11,36,00
11:57:00,3329.0,407.0,long,long,11,57,00
11:23:00,4243.0,565.0,long,long,11,23,00
11:12:00,4502.0,580.0,long,long,11,12,00
11:36:00,4502.0,559.0,long,long,11,36,00
11:15:00,3784.0,542.0,long,long,11,15,00
11:10:00,3972.0,495.0,long,long,11,10,00
11:54:00,3302.0,434.0,long,long,11,54,00
11:08:00,3711.0,482.0,long,long,11,08,00
11:11:00,4502.0,598.0,long,long,11,11,00
11:04:00,3711.0,512.0,long,long,11,04,00
11:05:00,4502.0,563.0,long,long,11,05,00
11:11:00,3711.0,481.0,long,long,11,11,00
11:35:00,3302.0,449.0,long,long,11,35,00
11:05:00,3711.0,483.0,long,long,11,05,00
11:05:00,3784.0,480.0,long,long,11,05,00
11:04:00,3711.0,478.0,long,long,11,04,00
11:16:00,3972.0,514.0,long,long,11,16,00
11:00:00,4502.0,575.0,long,long,11,00,00
11:37:00,3302.0,435.0,long,long,11,37,00
11:09:00,4983.0,612.0,long,long,11,09,00
11:07:00,4243.0,544.0,long,long,11,07,00
11:47:00,4243.0,549.0,long,long,11,47,00
11:49:00,3414.0,442.0,long,long,11,49,00
11:01:00,3711.0,513.0,long,long,11,01,00
11:19:00,3784.0,529.0,long,long,11,19,00
11:14:00,3711.0,468.0,long,long,11,14,00
11:58:00,3302.0,425.0,long,long,11,58,00
11:43:00,3329.0,479.0,long,long,11,43,00
11:05:00,3711.0,502.0,long,long,11,05,00
11:16:00,3711.0,518.0,long,long,11,16,00
11:18:00,3724.0,485.0,long,long,11,18,00
11:12:00,3711.0,515.0,long,long,11,12,00
11:50:00,3302.0,468.0,long,long,11,50,00
11:45:00,3329.0,464.0,long,long,11,45,00
11:45:00,3972.0,536.0,long,long,11,45,00
11:11:00,3784.0,511.0,long,long,11,11,00
11:26:00,3972.0,510.0,long,long,11,26,00
11:05:00,3724.0,530.0,long,long,11,05,00
11:44:00,3329.0,449.0,long,long,11,44,00
11:05:00,3711.0,486.0,long,long,11,05,00
11:45:00,3329.0,436.0,long,long,11,45,00
11:47:00,3711.0,443.0,long,long,11,47,00
11:34:00,3329.0,439.0,long,long,11,34,00
11:20:00,3711.0,499.0,long,long,11,20,00
11:03:00,4502.0,632.0,long,long,11,03,00
11:46:00,3329.0,457.0,long,long,11,46,00
11:21:00,3724.0,463.0,long,long,11,21,00
11:59:00,3302.0,430.0,long,long,11,59,00
11:42:00,3365.0,427.0,long,long,11,42,00
11:15:00,3784.0,472.0,long,long,11,15,00
11:02:00,4243.0,515.0,long,long,11,02,00
11:21:00,3972.0,540.0,long,long,11,21,00
11:14:00,3972.0,493.0,long,long,11,14,00
11:17:00,3972.0,491.0,long,long,11,17,00
11:29:00,3365.0,433.0,long,long,11,29,00
11:24:00,3711.0,498.0,long,long,11,24,00
12:37:00,3724.0,474.0,long,long,12,37,00
12:01:00,3724.0,515.0,long,long,12,01,00
12:16:00,3329.0,440.0,long,long,12,16,00
12:08:00,4502.0,541.0,long,long,12,08,00
12:44:00,3414.0,448.0,long,long,12,44,00
12:21:00,3414.0,433.0,long,long,12,21,00
12:04:00,3414.0,457.0,long,long,12,04,00
12:26:00,3414.0,437.0,long,long,12,26,00
12:24:00,3414.0,435.0,long,long,12,24,00
12:21:00,3414.0,457.0,long,long,12,21,00
12:53:00,3847.0,555.0,long,long,12,53,00
12:25:00,4243.0,594.0,long,long,12,25,00
12:06:00,3972.0,469.0,long,long,12,06,00
12:08:00,4475.0,575.0,long,long,12,08,00
12:03:00,3784.0,511.0,long,long,12,03,00
12:26:00,3414.0,446.0,long,long,12,26,00
12:19:00,3414.0,433.0,long,long,12,19,00
12:12:00,3414.0,441.0,long,long,12,12,00
12:46:00,3302.0,470.0,long,long,12,46,00
12:28:00,3365.0,505.0,long,long,12,28,00
12:39:00,3302.0,399.0,long,long,12,39,00
12:30:00,4962.0,622.0,long,long,12,30,00
12:24:00,4475.0,549.0,long,long,12,24,00
12:36:00,3414.0,446.0,long,long,12,36,00
12:18:00,4475.0,587.0,long,long,12,18,00
12:03:00,3414.0,472.0,long,long,12,03,00
12:28:00,3414.0,439.0,long,long,12,28,00
12:51:00,3784.0,535.0,long,long,12,51,00
12:30:00,4983.0,655.0,long,long,12,30,00
12:10:00,3302.0,437.0,long,long,12,10,00
12:34:00,4475.0,545.0,long,long,12,34,00
12:02:00,3329.0,435.0,long,long,12,02,00
12:22:00,3414.0,442.0,long,long,12,22,00
12:21:00,3784.0,510.0,long,long,12,21,00
12:54:00,3847.0,521.0,long,long,12,54,00
12:01:00,3365.0,421.0,long,long,12,01,00
12:35:00,4817.0,604.0,long,long,12,35,00
13:58:00,3414.0,470.0,long,long,13,58,00
13:37:00,3784.0,465.0,long,long,13,37,00
13:55:00,5095.0,592.0,long,long,13,55,00
13:56:00,3414.0,435.0,long,long,13,56,00
13:55:00,5095.0,582.0,long,long,13,55,00
13:32:00,4243.0,542.0,long,long,13,32,00
13:48:00,3784.0,464.0,long,long,13,48,00
13:48:00,4817.0,525.0,long,long,13,48,00
13:17:00,3711.0,470.0,long,long,13,17,00
14:52:00,4962.0,561.0,long,long,14,52,00
14:31:00,3266.0,416.0,long,long,14,31,00
14:25:00,5095.0,594.0,long,long,14,25,00
14:10:00,3801.0,449.0,long,long,14,10,00
14:15:00,5095.0,591.0,long,long,14,15,00
14:02:00,5095.0,592.0,long,long,14,02,00
14:15:00,3801.0,471.0,long,long,14,15,00
14:55:00,4962.0,577.0,long,long,14,55,00
14:59:00,3329.0,386.0,long,long,14,59,00
14:17:00,3801.0,459.0,long,long,14,17,00
14:16:00,3266.0,430.0,long,long,14,16,00
14:13:00,5095.0,589.0,long,long,14,13,00
14:05:00,3801.0,468.0,long,long,14,05,00
14:06:00,3801.0,447.0,long,long,14,06,00
14:18:00,3266.0,431.0,long,long,14,18,00
14:59:00,4962.0,551.0,long,long,14,59,00
14:16:00,3266.0,430.0,long,long,14,16,00
14:06:00,5095.0,589.0,long,long,14,06,00
14:03:00,3801.0,475.0,long,long,14,03,00
14:58:00,4983.0,592.0,long,long,14,58,00
14:12:00,5095.0,592.0,long,long,14,12,00
14:14:00,3801.0,446.0,long,long,14,14,00
14:23:00,5095.0,568.0,long,long,14,23,00
14:24:00,3801.0,445.0,long,long,14,24,00
14:31:00,3801.0,459.0,long,long,14,31,00
14:28:00,3801.0,471.0,long,long,14,28,00
14:19:00,3266.0,436.0,long,long,14,19,00
14:14:00,3801.0,451.0,long,long,14,14,00
14:15:00,3801.0,458.0,long,long,14,15,00
14:59:00,3417.0,432.0,long,long,14,59,00
14:30:00,3801.0,466.0,long,long,14,30,00
14:32:00,3801.0,459.0,long,long,14,32,00
14:01:00,3801.0,436.0,long,long,14,01,00
14:18:00,3266.0,441.0,long,long,14,18,00
14:10:00,3801.0,456.0,long,long,14,10,00
14:37:00,3801.0,453.0,long,long,14,37,00
14:14:00,3801.0,466.0,long,long,14,14,00
14:28:00,5095.0,576.0,long,long,14,28,00
14:11:00,3801.0,468.0,long,long,14,11,00
14:35:00,3801.0,454.0,long,long,14,35,00
14:06:00,3801.0,479.0,long,long,14,06,00
14:39:00,3801.0,439.0,long,long,14,39,00
14:36:00,3801.0,448.0,long,long,14,36,00
14:09:00,3801.0,460.0,long,long,14,09,00
14:39:00,3266.0,431.0,long,long,14,39,00
14:18:00,3801.0,464.0,long,long,14,18,00
14:22:00,3801.0,437.0,long,long,14,22,00
14:42:00,3801.0,451.0,long,long,14,42,00
14:17:00,3801.0,470.0,long,long,14,17,00
14:13:00,3711.0,464.0,long,long,14,13,00
14:27:00,3266.0,451.0,long,long,14,27,00
14:58:00,3043.0,411.0,long,long,14,58,00
14:15:00,3801.0,444.0,long,long,14,15,00
14:44:00,3801.0,444.0,long,long,14,44,00
14:24:00,3801.0,453.0,long,long,14,24,00
14:20:00,3801.0,470.0,long,long,14,20,00
14:06:00,3801.0,476.0,long,long,14,06,00
14:10:00,3801.0,476.0,long,long,14,10,00
14:21:00,5095.0,575.0,long,long,14,21,00
14:08:00,3801.0,459.0,long,long,14,08,00
14:15:00,3801.0,444.0,long,long,14,15,00
14:06:00,5095.0,592.0,long,long,14,06,00
14:20:00,3801.0,452.0,long,long,14,20,00
15:08:00,4962.0,547.0,long,long,15,08,00
15:20:00,3043.0,366.0,long,long,15,20,00
15:08:00,5095.0,598.0,long,long,15,08,00
15:09:00,3801.0,474.0,long,long,15,09,00
15:46:00,4243.0,474.0,long,long,15,46,00
15:51:00,3043.0,394.0,long,long,15,51,00
15:20:00,4983.0,612.0,long,long,15,20,00
15:42:00,3711.0,455.0,long,long,15,42,00
15:20:00,3801.0,450.0,long,long,15,20,00
15:16:00,3417.0,427.0,long,long,15,16,00
15:04:00,4962.0,562.0,long,long,15,04,00
15:02:00,4983.0,573.0,long,long,15,02,00
15:25:00,4817.0,542.0,long,long,15,25,00
15:38:00,4817.0,539.0,long,long,15,38,00
15:53:00,4502.0,502.0,long,long,15,53,00
15:50:00,4243.0,504.0,long,long,15,50,00
15:07:00,4962.0,544.0,long,long,15,07,00
15:48:00,4243.0,466.0,long,long,15,48,00
15:53:00,4243.0,484.0,long,long,15,53,00
15:38:00,3370.0,439.0,long,long,15,38,00
15:17:00,3904.0,477.0,long,long,15,17,00
15:27:00,3043.0,439.0,long,long,15,27,00
15:14:00,4962.0,578.0,long,long,15,14,00
15:18:00,4817.0,536.0,long,long,15,18,00
15:46:00,3370.0,477.0,long,long,15,46,00
15:11:00,3417.0,435.0,long,long,15,11,00
15:05:00,3417.0,433.0,long,long,15,05,00
15:13:00,4962.0,554.0,long,long,15,13,00
15:39:00,3417.0,469.0,long,long,15,39,00
15:49:00,4983.0,588.0,long,long,15,49,00
15:39:00,4475.0,528.0,long,long,15,39,00
15:22:00,3043.0,380.0,long,long,15,22,00
15:44:00,4243.0,473.0,long,long,15,44,00
15:11:00,3417.0,444.0,long,long,15,11,00
15:33:00,4983.0,587.0,long,long,15,33,00
15:08:00,3417.0,445.0,long,long,15,08,00
15:32:00,4817.0,534.0,long,long,15,32,00
15:14:00,4983.0,545.0,long,long,15,14,00
15:52:00,4983.0,559.0,long,long,15,52,00
15:18:00,4817.0,552.0,long,long,15,18,00
15:00:00,4962.0,565.0,long,long,15,00,00
15:39:00,4962.0,558.0,long,long,15,39,00
15:11:00,3266.0,465.0,long,long,15,11,00
15:14:00,3417.0,442.0,long,long,15,14,00
15:13:00,3417.0,454.0,long,long,15,13,00
15:06:00,4962.0,532.0,long,long,15,06,00
15:55:00,4962.0,553.0,long,long,15,55,00
15:25:00,4983.0,597.0,long,long,15,25,00
15:06:00,3801.0,466.0,long,long,15,06,00
15:38:00,4817.0,520.0,long,long,15,38,00
15:48:00,4243.0,483.0,long,long,15,48,00
15:01:00,3043.0,410.0,long,long,15,01,00
15:20:00,4983.0,578.0,long,long,15,20,00
15:12:00,3801.0,485.0,long,long,15,12,00
15:22:00,4983.0,559.0,long,long,15,22,00
15:18:00,5095.0,620.0,long,long,15,18,00
15:45:00,4243.0,489.0,long,long,15,45,00
15:16:00,3417.0,440.0,long,long,15,16,00
15:53:00,3370.0,453.0,long,long,15,53,00
15:18:00,3801.0,477.0,long,long,15,18,00
15:53:00,4243.0,486.0,long,long,15,53,00
15:04:00,4983.0,579.0,long,long,15,04,00
15:46:00,3370.0,440.0,long,long,15,46,00
15:24:00,4817.0,545.0,long,long,15,24,00
15:43:00,3370.0,462.0,long,long,15,43,00
15:17:00,4817.0,544.0,long,long,15,17,00
15:44:00,4475.0,556.0,long,long,15,44,00
15:14:00,4983.0,592.0,long,long,15,14,00
15:04:00,4962.0,558.0,long,long,15,04,00
15:52:00,4243.0,463.0,long,long,15,52,00
15:14:00,3266.0,422.0,long,long,15,14,00
15:23:00,4817.0,525.0,long,long,15,23,00
15:18:00,4962.0,536.0,long,long,15,18,00
15:54:00,4243.0,482.0,long,long,15,54,00
15:12:00,3801.0,473.0,long,long,15,12,00
15:37:00,4817.0,526.0,long,long,15,37,00
15:47:00,4243.0,486.0,long,long,15,47,00
15:49:00,3370.0,428.0,long,long,15,49,00
15:10:00,3801.0,469.0,long,long,15,10,00
15:09:00,4962.0,546.0,long,long,15,09,00
15:47:00,4243.0,459.0,long,long,15,47,00
15:47:00,4243.0,483.0,long,long,15,47,00
15:18:00,4817.0,551.0,long,long,15,18,00
15:30:00,3801.0,468.0,long,long,15,30,00
15:31:00,4817.0,546.0,long,long,15,31,00
15:05:00,4983.0,586.0,long,long,15,05,00
15:36:00,4817.0,537.0,long,long,15,36,00
15:28:00,4983.0,575.0,long,long,15,28,00
15:45:00,4243.0,473.0,long,long,15,45,00
15:18:00,4983.0,568.0,long,long,15,18,00
15:20:00,4817.0,550.0,long,long,15,20,00
15:07:00,3043.0,381.0,long,long,15,07,00
15:15:00,4962.0,549.0,long,long,15,15,00
15:11:00,4983.0,569.0,long,long,15,11,00
15:11:00,3801.0,462.0,long,long,15,11,00
15:10:00,3043.0,396.0,long,long,15,10,00
15:55:00,4502.0,504.0,long,long,15,55,00
15:13:00,4983.0,582.0,long,long,15,13,00
15:41:00,3417.0,424.0,long,long,15,41,00
15:53:00,4243.0,472.0,long,long,15,53,00
15:14:00,3904.0,467.0,long,long,15,14,00
15:33:00,3801.0,443.0,long,long,15,33,00
15:44:00,3417.0,499.0,long,long,15,44,00
15:25:00,4962.0,556.0,long,long,15,25,00
15:14:00,4983.0,570.0,long,long,15,14,00
15:54:00,4502.0,515.0,long,long,15,54,00
15:13:00,3711.0,495.0,long,long,15,13,00
15:31:00,4983.0,554.0,long,long,15,31,00
15:10:00,3417.0,456.0,long,long,15,10,00
15:56:00,4502.0,533.0,long,long,15,56,00
15:39:00,3043.0,401.0,long,long,15,39,00
15:45:00,4243.0,472.0,long,long,15,45,00
15:16:00,4983.0,567.0,long,long,15,16,00
15:18:00,4962.0,553.0,long,long,15,18,00
15:56:00,4962.0,560.0,long,long,15,56,00
15:21:00,3784.0,538.0,long,long,15,21,00
15:01:00,4962.0,578.0,long,long,15,01,00
15:01:00,4962.0,559.0,long,long,15,01,00
15:13:00,4983.0,550.0,long,long,15,13,00
15:50:00,4243.0,473.0,long,long,15,50,00
15:26:00,4817.0,553.0,long,long,15,26,00
15:16:00,3417.0,449.0,long,long,15,16,00
15:01:00,4962.0,554.0,long,long,15,01,00
15:26:00,3801.0,449.0,long,long,15,26,00
15:27:00,3417.0,434.0,long,long,15,27,00
15:18:00,3801.0,493.0,long,long,15,18,00
15:39:00,4817.0,537.0,long,long,15,39,00
15:08:00,4983.0,571.0,long,long,15,08,00
15:03:00,4983.0,569.0,long,long,15,03,00
15:46:00,3043.0,420.0,long,long,15,46,00
15:51:00,4243.0,507.0,long,long,15,51,00
15:26:00,4983.0,567.0,long,long,15,26,00
15:04:00,4962.0,563.0,long,long,15,04,00
15:39:00,3370.0,468.0,long,long,15,39,00
15:06:00,4983.0,581.0,long,long,15,06,00
15:24:00,3043.0,407.0,long,long,15,24,00
15:30:00,4817.0,548.0,long,long,15,30,00
15:08:00,3801.0,498.0,long,long,15,08,00
15:31:00,4817.0,530.0,long,long,15,31,00
15:17:00,3417.0,464.0,long,long,15,17,00
15:20:00,3801.0,497.0,long,long,15,20,00
16:13:00,4243.0,483.0,long,long,16,13,00
16:18:00,4962.0,528.0,long,long,16,18,00
16:49:00,3972.0,450.0,long,long,16,49,00
16:23:00,4502.0,505.0,long,long,16,23,00
16:16:00,4983.0,536.0,long,long,16,16,00
16:32:00,4962.0,556.0,long,long,16,32,00
16:46:00,4502.0,513.0,long,long,16,46,00
16:18:00,4184.0,462.0,long,long,16,18,00
16:40:00,4502.0,490.0,long,long,16,40,00
16:35:00,4817.0,531.0,long,long,16,35,00
16:02:00,4502.0,512.0,long,long,16,02,00
16:42:00,4243.0,465.0,long,long,16,42,00
16:25:00,4502.0,508.0,long,long,16,25,00
16:53:00,4502.0,522.0,long,long,16,53,00
16:07:00,4502.0,527.0,long,long,16,07,00
16:09:00,4184.0,481.0,long,long,16,09,00
16:38:00,3972.0,456.0,long,long,16,38,00
16:52:00,4243.0,497.0,long,long,16,52,00
16:20:00,4502.0,507.0,long,long,16,20,00
16:09:00,3370.0,445.0,long,long,16,09,00
16:21:00,3043.0,399.0,long,long,16,21,00
16:52:00,3972.0,465.0,long,long,16,52,00
16:53:00,4243.0,500.0,long,long,16,53,00
16:43:00,4502.0,547.0,long,long,16,43,00
16:15:00,4962.0,569.0,long,long,16,15,00
16:04:00,3329.0,420.0,long,long,16,04,00
16:58:00,3972.0,443.0,long,long,16,58,00
16:55:00,3972.0,462.0,long,long,16,55,00
16:40:00,4502.0,468.0,long,long,16,40,00
16:06:00,4184.0,468.0,long,long,16,06,00
16:16:00,4184.0,455.0,long,long,16,16,00
16:32:00,4502.0,507.0,long,long,16,32,00
16:38:00,4243.0,464.0,long,long,16,38,00
16:52:00,3266.0,425.0,long,long,16,52,00
16:40:00,4817.0,541.0,long,long,16,40,00
16:01:00,4502.0,531.0,long,long,16,01,00
16:38:00,3972.0,451.0,long,long,16,38,00
16:22:00,4983.0,573.0,long,long,16,22,00
16:59:00,3972.0,461.0,long,long,16,59,00
16:34:00,4983.0,529.0,long,long,16,34,00
16:38:00,4983.0,570.0,long,long,16,38,00
16:48:00,4502.0,500.0,long,long,16,48,00
16:21:00,4184.0,468.0,long,long,16,21,00
16:38:00,4817.0,539.0,long,long,16,38,00
16:20:00,4243.0,445.0,long,long,16,20,00
16:20:00,4502.0,510.0,long,long,16,20,00
16:18:00,4502.0,515.0,long,long,16,18,00
16:09:00,4243.0,483.0,long,long,16,09,00
16:19:00,4502.0,527.0,long,long,16,19,00
16:00:00,3370.0,494.0,long,long,16,00,00
16:53:00,4502.0,500.0,long,long,16,53,00
16:30:00,3972.0,446.0,long,long,16,30,00
16:08:00,4502.0,509.0,long,long,16,08,00
16:50:00,3972.0,442.0,long,long,16,50,00
16:41:00,4243.0,482.0,long,long,16,41,00
16:28:00,4502.0,516.0,long,long,16,28,00
16:34:00,3972.0,454.0,long,long,16,34,00
16:10:00,4243.0,472.0,long,long,16,10,00
16:09:00,4502.0,553.0,long,long,16,09,00
16:27:00,4983.0,564.0,long,long,16,27,00
16:42:00,4243.0,474.0,long,long,16,42,00
16:04:00,4502.0,515.0,long,long,16,04,00
16:06:00,4184.0,480.0,long,long,16,06,00
16:11:00,4502.0,520.0,long,long,16,11,00
16:11:00,3801.0,468.0,long,long,16,11,00
16:07:00,4983.0,568.0,long,long,16,07,00
16:16:00,4502.0,507.0,long,long,16,16,00
16:15:00,4184.0,444.0,long,long,16,15,00
16:34:00,4184.0,478.0,long,long,16,34,00
16:25:00,3801.0,454.0,long,long,16,25,00
16:18:00,4983.0,564.0,long,long,16,18,00
16:22:00,4502.0,522.0,long,long,16,22,00
16:21:00,4983.0,570.0,long,long,16,21,00
16:06:00,4184.0,455.0,long,long,16,06,00
16:02:00,4243.0,474.0,long,long,16,02,00
16:48:00,4502.0,516.0,long,long,16,48,00
16:18:00,3370.0,461.0,long,long,16,18,00
16:05:00,4983.0,573.0,long,long,16,05,00
16:41:00,4983.0,569.0,long,long,16,41,00
16:17:00,4184.0,451.0,long,long,16,17,00
16:46:00,3972.0,473.0,long,long,16,46,00
16:17:00,4983.0,596.0,long,long,16,17,00
16:28:00,3972.0,444.0,long,long,16,28,00
16:25:00,4962.0,570.0,long,long,16,25,00
16:25:00,4983.0,531.0,long,long,16,25,00
16:11:00,4243.0,481.0,long,long,16,11,00
16:39:00,3972.0,470.0,long,long,16,39,00
16:54:00,4502.0,474.0,long,long,16,54,00
16:17:00,4962.0,581.0,long,long,16,17,00
16:31:00,3972.0,471.0,long,long,16,31,00
16:40:00,4184.0,461.0,long,long,16,40,00
16:20:00,4502.0,510.0,long,long,16,20,00
16:06:00,4502.0,522.0,long,long,16,06,00
16:03:00,4817.0,532.0,long,long,16,03,00
16:23:00,4962.0,546.0,long,long,16,23,00
16:59:00,4243.0,448.0,long,long,16,59,00
16:36:00,3972.0,447.0,long,long,16,36,00
16:14:00,4962.0,563.0,long,long,16,14,00
16:33:00,4502.0,488.0,long,long,16,33,00
16:21:00,4243.0,461.0,long,long,16,21,00
16:47:00,4243.0,476.0,long,long,16,47,00
16:58:00,4962.0,558.0,long,long,16,58,00
16:51:00,4243.0,464.0,long,long,16,51,00
16:25:00,4502.0,527.0,long,long,16,25,00
16:14:00,4184.0,471.0,long,long,16,14,00
16:17:00,4184.0,449.0,long,long,16,17,00
16:47:00,4502.0,504.0,long,long,16,47,00
16:57:00,4962.0,553.0,long,long,16,57,00
16:23:00,4983.0,576.0,long,long,16,23,00
16:50:00,4243.0,456.0,long,long,16,50,00
16:16:00,3972.0,495.0,long,long,16,16,00
16:31:00,4983.0,564.0,long,long,16,31,00
16:36:00,4817.0,526.0,long,long,16,36,00
16:33:00,3417.0,443.0,long,long,16,33,00
16:42:00,3266.0,409.0,long,long,16,42,00
16:15:00,4184.0,450.0,long,long,16,15,00
17:09:00,3784.0,443.0,long,long,17,09,00
17:39:00,3724.0,423.0,long,long,17,39,00
17:44:00,4502.0,508.0,long,long,17,44,00
17:47:00,3847.0,408.0,long,long,17,47,00
17:41:00,3711.0,423.0,long,long,17,41,00
17:52:00,3711.0,426.0,long,long,17,52,00
17:58:00,3724.0,399.0,long,long,17,58,00
17:37:00,4983.0,565.0,long,long,17,37,00
17:48:00,3711.0,405.0,long,long,17,48,00
17:42:00,4983.0,571.0,long,long,17,42,00
17:59:00,4502.0,464.0,long,long,17,59,00
17:14:00,3784.0,418.0,long,long,17,14,00
17:52:00,3972.0,459.0,long,long,17,52,00
17:38:00,3972.0,443.0,long,long,17,38,00
17:19:00,3784.0,416.0,long,long,17,19,00
17:30:00,3972.0,522.0,long,long,17,30,00
17:43:00,3972.0,464.0,long,long,17,43,00
17:52:00,3972.0,493.0,long,long,17,52,00
17:33:00,3784.0,440.0,long,long,17,33,00
17:51:00,3711.0,404.0,long,long,17,51,00
17:23:00,3784.0,431.0,long,long,17,23,00
17:16:00,3784.0,444.0,long,long,17,16,00
17:44:00,3711.0,428.0,long,long,17,44,00
17:49:00,3711.0,430.0,long,long,17,49,00
17:53:00,4502.0,517.0,long,long,17,53,00
17:59:00,3801.0,435.0,long,long,17,59,00
17:29:00,3784.0,433.0,long,long,17,29,00
17:16:00,3784.0,420.0,long,long,17,16,00
17:19:00,4184.0,457.0,long,long,17,19,00
17:02:00,4243.0,462.0,long,long,17,02,00
17:53:00,3711.0,431.0,long,long,17,53,00
17:01:00,4243.0,465.0,long,long,17,01,00
17:52:00,3711.0,438.0,long,long,17,52,00
17:45:00,3711.0,431.0,long,long,17,45,00
17:29:00,3784.0,411.0,long,long,17,29,00
17:31:00,3784.0,430.0,long,long,17,31,00
17:31:00,3784.0,437.0,long,long,17,31,00
17:43:00,3724.0,416.0,long,long,17,43,00
17:00:00,4983.0,550.0,long,long,17,00,00
17:39:00,3784.0,418.0,long,long,17,39,00
17:07:00,4243.0,452.0,long,long,17,07,00
17:38:00,3724.0,449.0,long,long,17,38,00
17:48:00,3711.0,408.0,long,long,17,48,00
17:48:00,3972.0,433.0,long,long,17,48,00
17:34:00,3724.0,441.0,long,long,17,34,00
17:13:00,4184.0,443.0,long,long,17,13,00
17:43:00,3724.0,439.0,long,long,17,43,00
17:12:00,3784.0,438.0,long,long,17,12,00
17:48:00,3711.0,404.0,long,long,17,48,00
17:32:00,3724.0,398.0,long,long,17,32,00
17:13:00,3784.0,425.0,long,long,17,13,00
17:31:00,3784.0,429.0,long,long,17,31,00
17:50:00,3711.0,443.0,long,long,17,50,00
17:51:00,3711.0,402.0,long,long,17,51,00
17:40:00,3724.0,444.0,long,long,17,40,00
17:58:00,4502.0,493.0,long,long,17,58,00
17:30:00,3784.0,425.0,long,long,17,30,00
17:11:00,3043.0,432.0,long,long,17,11,00
17:05:00,3972.0,469.0,long,long,17,05,00
17:53:00,3711.0,431.0,long,long,17,53,00
17:51:00,3711.0,444.0,long,long,17,51,00
17:38:00,3972.0,471.0,long,long,17,38,00
17:55:00,4502.0,512.0,long,long,17,55,00
17:55:00,3724.0,437.0,long,long,17,55,00
17:20:00,3784.0,434.0,long,long,17,20,00
17:30:00,3784.0,438.0,long,long,17,30,00
17:49:00,3711.0,415.0,long,long,17,49,00
17:12:00,3784.0,438.0,long,long,17,12,00
17:58:00,3711.0,438.0,long,long,17,58,00
17:18:00,4184.0,471.0,long,long,17,18,00
17:12:00,3784.0,432.0,long,long,17,12,00
17:49:00,3711.0,431.0,long,long,17,49,00
17:56:00,3784.0,452.0,long,long,17,56,00
17:52:00,4502.0,503.0,long,long,17,52,00
17:04:00,3784.0,420.0,long,long,17,04,00
17:47:00,4502.0,523.0,long,long,17,47,00
17:58:00,3711.0,413.0,long,long,17,58,00
17:34:00,4962.0,544.0,long,long,17,34,00
17:43:00,3784.0,413.0,long,long,17,43,00
17:40:00,3724.0,432.0,long,long,17,40,00
17:08:00,4184.0,476.0,long,long,17,08,00
17:16:00,3784.0,446.0,long,long,17,16,00
17:21:00,3784.0,456.0,long,long,17,21,00
17:14:00,3784.0,426.0,long,long,17,14,00
17:57:00,4983.0,584.0,long,long,17,57,00
17:38:00,3784.0,392.0,long,long,17,38,00
17:51:00,3711.0,396.0,long,long,17,51,00
17:54:00,3711.0,404.0,long,long,17,54,00
17:13:00,3972.0,445.0,long,long,17,13,00
17:45:00,3972.0,472.0,long,long,17,45,00
17:39:00,3972.0,485.0,long,long,17,39,00
17:13:00,3972.0,455.0,long,long,17,13,00
17:51:00,3711.0,416.0,long,long,17,51,00
17:52:00,4502.0,510.0,long,long,17,52,00
17:43:00,3711.0,446.0,long,long,17,43,00
17:15:00,3784.0,422.0,long,long,17,15,00
17:13:00,4184.0,472.0,long,long,17,13,00
17:18:00,3784.0,432.0,long,long,17,18,00
17:21:00,3784.0,447.0,long,long,17,21,00
17:55:00,3711.0,415.0,long,long,17,55,00
17:50:00,3711.0,399.0,long,long,17,50,00
17:42:00,3724.0,427.0,long,long,17,42,00
17:02:00,4243.0,470.0,long,long,17,02,00
17:19:00,3784.0,434.0,long,long,17,19,00
17:28:00,3784.0,428.0,long,long,17,28,00
17:48:00,3724.0,429.0,long,long,17,48,00
17:56:00,4243.0,461.0,long,long,17,56,00
17:18:00,3784.0,422.0,long,long,17,18,00
17:38:00,4502.0,495.0,long,long,17,38,00
18:15:00,3784.0,419.0,long,long,18,15,00
18:14:00,4983.0,543.0,long,long,18,14,00
18:28:00,3711.0,407.0,long,long,18,28,00
18:30:00,3784.0,419.0,long,long,18,30,00
18:23:00,3784.0,430.0,long,long,18,23,00
18:16:00,3784.0,415.0,long,long,18,16,00
18:41:00,3724.0,438.0,long,long,18,41,00
18:19:00,3784.0,417.0,long,long,18,19,00
18:59:00,3904.0,407.0,long,long,18,59,00
18:55:00,3784.0,427.0,long,long,18,55,00
18:56:00,3711.0,427.0,long,long,18,56,00
18:28:00,3784.0,375.0,long,long,18,28,00
18:55:00,3711.0,399.0,long,long,18,55,00
18:59:00,4184.0,474.0,long,long,18,59,00
18:04:00,4502.0,477.0,long,long,18,04,00
18:16:00,3784.0,430.0,long,long,18,16,00
18:30:00,3724.0,397.0,long,long,18,30,00
18:01:00,3711.0,407.0,long,long,18,01,00
18:28:00,3784.0,428.0,long,long,18,28,00
18:22:00,3711.0,484.0,long,long,18,22,00
18:53:00,3711.0,421.0,long,long,18,53,00
18:19:00,3711.0,446.0,long,long,18,19,00
18:01:00,3711.0,427.0,long,long,18,01,00
18:20:00,3847.0,437.0,long,long,18,20,00
18:37:00,3847.0,424.0,long,long,18,37,00
18:04:00,3972.0,471.0,long,long,18,04,00
18:25:00,4502.0,465.0,long,long,18,25,00
18:55:00,3711.0,416.0,long,long,18,55,00
18:03:00,3711.0,423.0,long,long,18,03,00
18:53:00,3711.0,430.0,long,long,18,53,00
18:13:00,3711.0,435.0,long,long,18,13,00
18:41:00,3724.0,388.0,long,long,18,41,00
18:44:00,3711.0,422.0,long,long,18,44,00
18:41:00,3784.0,454.0,long,long,18,41,00
18:01:00,3711.0,391.0,long,long,18,01,00
18:54:00,3711.0,385.0,long,long,18,54,00
18:06:00,3711.0,402.0,long,long,18,06,00
18:53:00,3711.0,429.0,long,long,18,53,00
18:58:00,3711.0,400.0,long,long,18,58,00
18:53:00,3711.0,402.0,long,long,18,53,00
18:11:00,3784.0,432.0,long,long,18,11,00
18:57:00,3711.0,426.0,long,long,18,57,00
18:17:00,3784.0,410.0,long,long,18,17,00
18:25:00,3711.0,388.0,long,long,18,25,00
18:51:00,3711.0,397.0,long,long,18,51,00
18:41:00,3784.0,430.0,long,long,18,41,00
18:39:00,3711.0,405.0,long,long,18,39,00
18:15:00,3711.0,398.0,long,long,18,15,00
18:37:00,3724.0,369.0,long,long,18,37,00
18:10:00,3711.0,438.0,long,long,18,10,00
18:44:00,3711.0,421.0,long,long,18,44,00
18:56:00,3711.0,445.0,long,long,18,56,00
18:11:00,3784.0,424.0,long,long,18,11,00
19:51:00,3417.0,409.0,long,long,19,51,00
19:57:00,3711.0,415.0,long,long,19,57,00
19:56:00,3784.0,437.0,long,long,19,56,00
19:52:00,3904.0,434.0,long,long,19,52,00
19:44:00,3414.0,375.0,long,long,19,44,00
19:50:00,3329.0,378.0,long,long,19,50,00
19:01:00,3711.0,460.0,long,long,19,01,00
19:43:00,3414.0,401.0,long,long,19,43,00
19:33:00,3904.0,419.0,long,long,19,33,00
19:50:00,3329.0,409.0,long,long,19,50,00
19:50:00,3329.0,383.0,long,long,19,50,00
19:48:00,3784.0,443.0,long,long,19,48,00
19:54:00,3711.0,408.0,long,long,19,54,00
19:37:00,3414.0,408.0,long,long,19,37,00
19:47:00,3784.0,432.0,long,long,19,47,00
19:53:00,3711.0,431.0,long,long,19,53,00
19:52:00,3711.0,456.0,long,long,19,52,00
19:57:00,3302.0,364.0,long,long,19,57,00
19:54:00,3904.0,458.0,long,long,19,54,00
19:47:00,3329.0,399.0,long,long,19,47,00
19:38:00,3329.0,392.0,long,long,19,38,00
19:59:00,3904.0,449.0,long,long,19,59,00
19:36:00,3904.0,459.0,long,long,19,36,00
19:55:00,3329.0,393.0,long,long,19,55,00
19:34:00,3414.0,405.0,long,long,19,34,00
19:40:00,3417.0,410.0,long,long,19,40,00
19:59:00,3329.0,393.0,long,long,19,59,00
19:46:00,3266.0,397.0,long,long,19,46,00
19:06:00,3784.0,468.0,long,long,19,06,00
19:57:00,3302.0,387.0,long,long,19,57,00
19:12:00,4243.0,462.0,long,long,19,12,00
19:54:00,3711.0,424.0,long,long,19,54,00
19:48:00,3414.0,389.0,long,long,19,48,00
19:58:00,3784.0,426.0,long,long,19,58,00
19:12:00,3414.0,400.0,long,long,19,12,00
19:42:00,3417.0,420.0,long,long,19,42,00
19:53:00,3711.0,422.0,long,long,19,53,00
19:53:00,3266.0,401.0,long,long,19,53,00
19:51:00,3329.0,392.0,long,long,19,51,00
19:58:00,3784.0,436.0,long,long,19,58,00
19:10:00,3414.0,415.0,long,long,19,10,00
19:58:00,3329.0,413.0,long,long,19,58,00
19:50:00,3329.0,402.0,long,long,19,50,00
19:34:00,3904.0,455.0,long,long,19,34,00
19:59:00,3329.0,390.0,long,long,19,59,00
19:59:00,3329.0,359.0,long,medium,19,59,00
19:46:00,3329.0,390.0,long,long,19,46,00
19:15:00,3414.0,401.0,long,long,19,15,00
19:58:00,3784.0,504.0,long,long,19,58,00
19:40:00,3784.0,446.0,long,long,19,40,00
19:48:00,3414.0,391.0,long,long,19,48,00
19:15:00,3414.0,394.0,long,long,19,15,00
19:52:00,3329.0,372.0,long,long,19,52,00
19:40:00,3784.0,437.0,long,long,19,40,00
19:51:00,3329.0,385.0,long,long,19,51,00
19:55:00,3904.0,459.0,long,long,19,55,00
19:24:00,3904.0,424.0,long,long,19,24,00
19:57:00,3329.0,381.0,long,long,19,57,00
19:39:00,3266.0,392.0,long,long,19,39,00
19:55:00,3329.0,406.0,long,long,19,55,00
19:57:00,3417.0,427.0,long,long,19,57,00
19:56:00,3711.0,422.0,long,long,19,56,00
19:54:00,3784.0,437.0,long,long,19,54,00
19:00:00,3711.0,374.0,long,long,19,00,00
19:11:00,3414.0,403.0,long,long,19,11,00
19:56:00,3711.0,421.0,long,long,19,56,00
19:44:00,3414.0,402.0,long,long,19,44,00
19:25:00,3784.0,422.0,long,long,19,25,00
19:56:00,4184.0,453.0,long,long,19,56,00
19:54:00,3904.0,481.0,long,long,19,54,00
19:37:00,3329.0,393.0,long,long,19,37,00
19:18:00,3414.0,378.0,long,long,19,18,00
19:45:00,3784.0,449.0,long,long,19,45,00
19:51:00,3711.0,429.0,long,long,19,51,00
19:39:00,3414.0,388.0,long,long,19,39,00
19:36:00,3784.0,438.0,long,long,19,36,00
19:51:00,3329.0,385.0,long,long,19,51,00
19:59:00,3417.0,456.0,long,long,19,59,00
19:29:00,3414.0,410.0,long,long,19,29,00
19:49:00,3414.0,399.0,long,long,19,49,00
19:25:00,3414.0,406.0,long,long,19,25,00
19:54:00,3302.0,360.0,long,medium,19,54,00
19:43:00,3784.0,440.0,long,long,19,43,00
19:53:00,3329.0,396.0,long,long,19,53,00
19:55:00,3417.0,408.0,long,long,19,55,00
19:49:00,3711.0,422.0,long,long,19,49,00
19:43:00,3302.0,396.0,long,long,19,43,00
19:25:00,3904.0,458.0,long,long,19,25,00
19:54:00,3302.0,394.0,long,long,19,54,00
19:29:00,3904.0,455.0,long,long,19,29,00
19:17:00,3414.0,379.0,long,long,19,17,00
19:54:00,3904.0,456.0,long,long,19,54,00
19:08:00,4243.0,471.0,long,long,19,08,00
19:40:00,3784.0,439.0,long,long,19,40,00
19:29:00,3904.0,454.0,long,long,19,29,00
19:05:00,3847.0,434.0,long,long,19,05,00
19:23:00,3414.0,401.0,long,long,19,23,00
19:56:00,3784.0,428.0,long,long,19,56,00
19:54:00,3784.0,431.0,long,long,19,54,00
19:50:00,3302.0,390.0,long,long,19,50,00
19:51:00,3784.0,437.0,long,long,19,51,00
19:56:00,3711.0,409.0,long,long,19,56,00
19:45:00,3417.0,425.0,long,long,19,45,00
19:33:00,3904.0,444.0,long,long,19,33,00
19:58:00,3302.0,371.0,long,long,19,58,00
19:40:00,3266.0,382.0,long,long,19,40,00
19:51:00,3414.0,393.0,long,long,19,51,00
19:37:00,3847.0,494.0,long,long,19,37,00
19:53:00,3329.0,387.0,long,long,19,53,00
19:52:00,3329.0,398.0,long,long,19,52,00
19:10:00,3414.0,391.0,long,long,19,10,00
19:51:00,3302.0,395.0,long,long,19,51,00
19:46:00,3329.0,408.0,long,long,19,46,00
19:15:00,3414.0,379.0,long,long,19,15,00
19:58:00,3329.0,395.0,long,long,19,58,00
19:16:00,3414.0,408.0,long,long,19,16,00
19:54:00,3414.0,414.0,long,long,19,54,00
19:56:00,3904.0,463.0,long,long,19,56,00
19:40:00,3266.0,397.0,long,long,19,40,00
19:56:00,3302.0,394.0,long,long,19,56,00
19:40:00,3414.0,402.0,long,long,19,40,00
19:51:00,3711.0,427.0,long,long,19,51,00
19:53:00,3329.0,392.0,long,long,19,53,00
19:45:00,3784.0,440.0,long,long,19,45,00
19:31:00,3414.0,420.0,long,long,19,31,00
19:56:00,3784.0,392.0,long,long,19,56,00
19:12:00,3414.0,399.0,long,long,19,12,00
19:00:00,3784.0,419.0,long,long,19,00,00
20:55:00,3784.0,428.0,long,long,20,55,00
20:14:00,3302.0,380.0,long,long,20,14,00
20:05:00,3302.0,393.0,long,long,20,05,00
20:24:00,3365.0,379.0,long,long,20,24,00
20:43:00,3302.0,390.0,long,long,20,43,00
20:06:00,3904.0,437.0,long,long,20,06,00
20:31:00,3302.0,390.0,long,long,20,31,00
20:19:00,3365.0,406.0,long,long,20,19,00
20:05:00,3414.0,396.0,long,long,20,05,00
20:26:00,3365.0,368.0,long,long,20,26,00
20:00:00,3904.0,437.0,long,long,20,00,00
20:08:00,3302.0,373.0,long,long,20,08,00
20:15:00,3043.0,410.0,long,long,20,15,00
20:25:00,3904.0,444.0,long,long,20,25,00
20:01:00,3784.0,408.0,long,long,20,01,00
20:46:00,3329.0,371.0,long,long,20,46,00
20:42:00,3043.0,356.0,long,medium,20,42,00
20:42:00,3329.0,416.0,long,long,20,42,00
20:14:00,3043.0,351.0,long,medium,20,14,00
20:38:00,3414.0,400.0,long,long,20,38,00
20:13:00,3043.0,373.0,long,long,20,13,00
20:24:00,3365.0,388.0,long,long,20,24,00
20:23:00,3302.0,371.0,long,long,20,23,00
20:13:00,3302.0,370.0,long,long,20,13,00
20:14:00,3365.0,397.0,long,long,20,14,00
20:44:00,3266.0,367.0,long,long,20,44,00
20:26:00,3302.0,405.0,long,long,20,26,00
20:16:00,3414.0,377.0,long,long,20,16,00
20:29:00,3904.0,440.0,long,long,20,29,00
20:51:00,3414.0,399.0,long,long,20,51,00
20:40:00,3370.0,413.0,long,long,20,40,00
20:37:00,3266.0,380.0,long,long,20,37,00
20:37:00,3043.0,365.0,long,long,20,37,00
20:29:00,3302.0,378.0,long,long,20,29,00
20:26:00,3904.0,453.0,long,long,20,26,00
20:44:00,3711.0,495.0,long,long,20,44,00
20:18:00,3043.0,382.0,long,long,20,18,00
20:59:00,3784.0,414.0,long,long,20,59,00
20:52:00,3784.0,461.0,long,long,20,52,00
20:23:00,3329.0,403.0,long,long,20,23,00
20:01:00,3417.0,405.0,long,long,20,01,00
20:24:00,3365.0,383.0,long,long,20,24,00
20:31:00,3904.0,440.0,long,long,20,31,00
20:14:00,3711.0,414.0,long,long,20,14,00
20:20:00,3365.0,393.0,long,long,20,20,00
20:22:00,3711.0,417.0,long,long,20,22,00
20:50:00,3302.0,381.0,long,long,20,50,00
20:56:00,3784.0,416.0,long,long,20,56,00
20:20:00,3904.0,443.0,long,long,20,20,00
20:07:00,3302.0,383.0,long,long,20,07,00
20:12:00,3904.0,445.0,long,long,20,12,00
20:09:00,3414.0,411.0,long,long,20,09,00
20:06:00,3904.0,451.0,long,long,20,06,00
20:48:00,3417.0,391.0,long,long,20,48,00
20:01:00,3904.0,425.0,long,long,20,01,00
20:21:00,3365.0,391.0,long,long,20,21,00
20:07:00,3302.0,364.0,long,long,20,07,00
20:43:00,3414.0,402.0,long,long,20,43,00
20:58:00,3904.0,428.0,long,long,20,58,00
20:14:00,3365.0,389.0,long,long,20,14,00
20:50:00,3904.0,434.0,long,long,20,50,00
20:22:00,3365.0,394.0,long,long,20,22,00
20:17:00,3365.0,406.0,long,long,20,17,00
20:51:00,3329.0,411.0,long,long,20,51,00
20:36:00,3365.0,402.0,long,long,20,36,00
20:15:00,3043.0,362.0,long,long,20,15,00
20:00:00,3784.0,434.0,long,long,20,00,00
20:50:00,3329.0,391.0,long,long,20,50,00
20:34:00,3365.0,397.0,long,long,20,34,00
20:43:00,3414.0,393.0,long,long,20,43,00
20:18:00,3365.0,402.0,long,long,20,18,00
20:53:00,3365.0,378.0,long,long,20,53,00
20:56:00,3784.0,420.0,long,long,20,56,00
20:26:00,3904.0,411.0,long,long,20,26,00
20:36:00,3784.0,427.0,long,long,20,36,00
20:22:00,3302.0,363.0,long,long,20,22,00
20:10:00,3302.0,392.0,long,long,20,10,00
20:52:00,3784.0,423.0,long,long,20,52,00
20:48:00,3043.0,373.0,long,long,20,48,00
20:09:00,3904.0,448.0,long,long,20,09,00
20:06:00,3417.0,408.0,long,long,20,06,00
20:25:00,3784.0,462.0,long,long,20,25,00
20:04:00,3784.0,426.0,long,long,20,04,00
20:20:00,3414.0,383.0,long,long,20,20,00
20:15:00,3904.0,440.0,long,long,20,15,00
20:17:00,3329.0,378.0,long,long,20,17,00
20:45:00,3329.0,388.0,long,long,20,45,00
20:00:00,3784.0,444.0,long,long,20,00,00
20:00:00,3784.0,437.0,long,long,20,00,00
20:41:00,3414.0,406.0,long,long,20,41,00
20:54:00,3365.0,392.0,long,long,20,54,00
20:38:00,3329.0,357.0,long,medium,20,38,00
20:38:00,3801.0,428.0,long,long,20,38,00
20:08:00,3302.0,380.0,long,long,20,08,00
20:42:00,3302.0,365.0,long,long,20,42,00
20:12:00,3365.0,363.0,long,long,20,12,00
20:26:00,3904.0,435.0,long,long,20,26,00
20:52:00,3302.0,390.0,long,long,20,52,00
20:51:00,3784.0,422.0,long,long,20,51,00
20:20:00,3414.0,394.0,long,long,20,20,00
20:16:00,3417.0,391.0,long,long,20,16,00
20:23:00,3904.0,398.0,long,long,20,23,00
20:33:00,3370.0,399.0,long,long,20,33,00
20:01:00,3302.0,363.0,long,long,20,01,00
20:12:00,3043.0,370.0,long,long,20,12,00
20:50:00,3784.0,430.0,long,long,20,50,00
20:01:00,3302.0,387.0,long,long,20,01,00
20:39:00,3302.0,383.0,long,long,20,39,00
20:28:00,3904.0,404.0,long,long,20,28,00
20:15:00,3365.0,384.0,long,long,20,15,00
20:20:00,3365.0,378.0,long,long,20,20,00
20:23:00,3370.0,402.0,long,long,20,23,00
20:30:00,3266.0,381.0,long,long,20,30,00
20:43:00,3414.0,401.0,long,long,20,43,00
20:18:00,3302.0,387.0,long,long,20,18,00
20:40:00,3329.0,388.0,long,long,20,40,00
20:42:00,3266.0,390.0,long,long,20,42,00
20:03:00,3904.0,459.0,long,long,20,03,00
20:52:00,3329.0,385.0,long,long,20,52,00
20:19:00,3302.0,361.0,long,long,20,19,00
20:55:00,3784.0,440.0,long,long,20,55,00
20:02:00,3904.0,459.0,long,long,20,02,00
20:37:00,3365.0,372.0,long,long,20,37,00
20:10:00,3302.0,372.0,long,long,20,10,00
20:30:00,3904.0,431.0,long,long,20,30,00
20:58:00,3784.0,419.0,long,long,20,58,00
20:53:00,3365.0,404.0,long,long,20,53,00
20:53:00,3043.0,366.0,long,long,20,53,00
20:53:00,3414.0,381.0,long,long,20,53,00
20:16:00,3365.0,362.0,long,long,20,16,00
20:17:00,3414.0,398.0,long,long,20,17,00
20:04:00,3904.0,449.0,long,long,20,04,00
20:06:00,3302.0,382.0,long,long,20,06,00
20:03:00,3302.0,366.0,long,long,20,03,00
20:59:00,3784.0,394.0,long,long,20,59,00
20:26:00,3904.0,396.0,long,long,20,26,00
20:01:00,3417.0,387.0,long,long,20,01,00
20:30:00,3847.0,443.0,long,long,20,30,00
20:04:00,3784.0,443.0,long,long,20,04,00
20:29:00,3904.0,424.0,long,long,20,29,00
20:21:00,3904.0,440.0,long,long,20,21,00
20:42:00,3266.0,397.0,long,long,20,42,00
20:16:00,3365.0,384.0,long,long,20,16,00
20:18:00,3365.0,386.0,long,long,20,18,00
20:33:00,3904.0,443.0,long,long,20,33,00
20:57:00,3302.0,387.0,long,long,20,57,00
20:21:00,3414.0,365.0,long,long,20,21,00
20:23:00,3904.0,449.0,long,long,20,23,00
20:03:00,3904.0,449.0,long,long,20,03,00
20:41:00,3043.0,346.0,long,medium,20,41,00
20:28:00,3904.0,428.0,long,long,20,28,00
20:18:00,3365.0,408.0,long,long,20,18,00
20:06:00,3302.0,377.0,long,long,20,06,00
20:01:00,3302.0,373.0,long,long,20,01,00
20:26:00,3784.0,411.0,long,long,20,26,00
20:37:00,3266.0,399.0,long,long,20,37,00
20:57:00,3329.0,370.0,long,long,20,57,00
20:37:00,3365.0,390.0,long,long,20,37,00
20:13:00,4502.0,525.0,long,long,20,13,00
21:01:00,3302.0,364.0,long,long,21,01,00
21:16:00,3365.0,385.0,long,long,21,16,00
21:13:00,3417.0,373.0,long,long,21,13,00
21:57:00,3904.0,452.0,long,long,21,57,00
21:01:00,3417.0,385.0,long,long,21,01,00
21:17:00,3711.0,389.0,long,long,21,17,00
21:55:00,3370.0,371.0,long,long,21,55,00
21:18:00,3302.0,402.0,long,long,21,18,00
21:53:00,3370.0,391.0,long,long,21,53,00
21:00:00,3847.0,440.0,long,long,21,00,00
21:58:00,3972.0,440.0,long,long,21,58,00
21:16:00,3711.0,448.0,long,long,21,16,00
21:27:00,3302.0,387.0,long,long,21,27,00
21:18:00,3365.0,358.0,long,medium,21,18,00
21:21:00,3711.0,429.0,long,long,21,21,00
21:31:00,3711.0,416.0,long,long,21,31,00
21:22:00,4243.0,523.0,long,long,21,22,00
21:14:00,3043.0,341.0,long,medium,21,14,00
21:04:00,3302.0,381.0,long,long,21,04,00
21:15:00,3302.0,385.0,long,long,21,15,00
21:16:00,3302.0,402.0,long,long,21,16,00
21:19:00,3711.0,414.0,long,long,21,19,00
21:00:00,3784.0,433.0,long,long,21,00,00
21:03:00,3302.0,356.0,long,medium,21,03,00
21:20:00,3302.0,401.0,long,long,21,20,00
21:09:00,3711.0,430.0,long,long,21,09,00
21:20:00,3365.0,401.0,long,long,21,20,00
21:12:00,3365.0,386.0,long,long,21,12,00
21:15:00,3302.0,384.0,long,long,21,15,00
21:02:00,3302.0,366.0,long,long,21,02,00
21:57:00,3972.0,447.0,long,long,21,57,00
21:27:00,3302.0,352.0,long,medium,21,27,00
21:05:00,3784.0,446.0,long,long,21,05,00
21:11:00,3302.0,365.0,long,long,21,11,00
21:24:00,3365.0,376.0,long,long,21,24,00
21:26:00,3302.0,396.0,long,long,21,26,00
21:21:00,3302.0,343.0,long,medium,21,21,00
21:13:00,3302.0,389.0,long,long,21,13,00
21:02:00,3266.0,385.0,long,long,21,02,00
21:13:00,3365.0,362.0,long,long,21,13,00
21:00:00,3365.0,397.0,long,long,21,00,00
21:53:00,3711.0,416.0,long,long,21,53,00
21:04:00,3266.0,386.0,long,long,21,04,00
21:19:00,3365.0,382.0,long,long,21,19,00
21:03:00,3784.0,436.0,long,long,21,03,00
22:21:00,3043.0,375.0,long,long,22,21,00
22:38:00,3370.0,388.0,long,long,22,38,00
22:45:00,3365.0,418.0,long,long,22,45,00
22:08:00,3329.0,396.0,long,long,22,08,00
22:56:00,4243.0,467.0,long,long,22,56,00
23:56:00,3414.0,413.0,long,long,23,56,00
